{ "MAIN": { "CLASSIC_SCROLL": 0.000000, "TILES_BG": { }, "BACKGROUND": "DESERT BRICKS", "WIDTH": 109.000000, "RAIN": 0.000000, "TILES": { "100,22": "1,16", "105,22": "1,16", "90,23": "1,17", "95,23": "1,17", "100,23": "1,17", "105,23": "1,17", "90,22": "1,16", "95,22": "1,16", "88,23": "1,17", "87,23": "1,17", "82,23": "0,17", "88,22": "1,16", "87,22": "1,16", "82,22": "0,16", "5,22": "1,17", "0,22": "1,17", "5,23": "1,17", "0,23": "1,17", "0,20": "1,16", "5,20": "1,16", "0,21": "1,17", "5,21": "1,17", "4,20": "1,16", "1,20": "1,16", "4,21": "1,17", "1,21": "1,17", "1,22": "1,17", "4,22": "1,17", "1,23": "1,17", "4,23": "1,17", "83,23": "1,17", "91,21": "15,23", "86,23": "1,17", "89,23": "1,17", "83,22": "1,16", "86,22": "1,16", "89,22": "1,16", "94,23": "1,17", "83,21": "15,23", "91,23": "1,17", "104,22": "1,16", "101,22": "1,16", "3,19": "15,23", "94,22": "1,16", "91,22": "1,16", "104,23": "1,17", "101,23": "1,17", "9,19": "15,23", "102,23": "1,17", "107,23": "1,17", "98,22": "1,16", "92,22": "1,16", "97,22": "1,16", "108,23": "1,17", "102,22": "1,16", "98,23": "1,17", "107,22": "1,16", "92,23": "1,17", "108,22": "1,16", "97,23": "1,17", "107,21": "15,23", "85,22": "1,16", "85,23": "1,17", "92,21": "15,23", "7,23": "1,17", "2,23": "1,17", "10,20": "2,16", "8,23": "1,17", "7,22": "1,17", "10,21": "2,17", "2,22": "1,17", "8,22": "1,17", "10,22": "2,17", "2,21": "1,17", "7,21": "1,17", "8,21": "1,17", "2,20": "1,16", "10,23": "2,17", "7,20": "1,16", "8,20": "1,16", "9,21": "1,17", "6,21": "1,17", "3,21": "1,17", "9,20": "1,16", "6,20": "1,16", "3,20": "1,16", "9,23": "1,17", "3,23": "1,17", "6,23": "1,17", "9,22": "1,17", "3,22": "1,17", "6,22": "1,17", "84,22": "1,16", "103,21": "15,23", "106,21": "15,23", "84,23": "1,17", "96,22": "1,16", "93,22": "1,16", "99,22": "1,16", "106,23": "1,17", "103,23": "1,17", "96,23": "1,17", "93,23": "1,17", "106,22": "1,16", "99,23": "1,17", "103,22": "1,16" }, "KEEP_POWERUP": 0.000000, "OBJECTS": { "8,19": "POISON TURNIP", "21,16": "COIN", "21,17": "COIN", "37,11": "BRICK", "16,16": "COIN", "19,16": "COIN", "16,17": "COIN", "19,17": "COIN", "18,16": "COIN", "17,16": "COIN", "18,17": "COIN", "86,11": "FLAGPOLE", "65,12": "COIN", "17,17": "COIN", "65,11": "COIN", "13,20": "BLOCK TRAIN", "36,11": "MULTICOIN BLOCK", "33,11": "BRICK", "20,16": "COIN", "20,17": "COIN", "86,21": "BUMP BLOCK", "98,21": "END CASTLE", "35,11": "BRICK", "9,16": "COIN", "66,11": "COIN", "9,17": "COIN", "66,12": "COIN", "67,12": "COIN", "8,16": "COIN", "34,11": "QUESTION BLOCK", "7,16": "COIN", "8,17": "COIN", "7,17": "COIN", "67,11": "COIN", "84,21": "BLUE SHY GUY", "4,18": "MARIO" }, "HEIGHT": 24.000000, "MARKERS": { "51,18": "UP", "65,16": "UP", "79,22": "END", "53,13": "RIGHT", "60,14": "DOWN", "52,17": "UP", "64,13": "RIGHT", "52,14": "RIGHT", "59,17": "RIGHT", "40,20": "RIGHT", "41,15": "DOWN", "53,16": "UP", "25,16": "RIGHT", "50,19": "UP", "28,21": "LEFT", "29,17": "DOWN", "50,16": "RIGHT", "49,17": "RIGHT", "51,15": "RIGHT", "54,15": "UP", "69,14": "DOWN", "26,20": "UP", "68,23": "RIGHT", "27,14": "RIGHT" }, "MUSIC": "SUBCON CAVE", "MODIFIERS": { "34,11": "HAMMER SUIT" } } }
