{ "CAVE": { "MUSIC": "SUBCON CAVE", "OBJECTS": { "16,18": "ON OFF PLATFORM", "74,14": "POKEY", "11,15": "MONTY MOLE", "61,11": "POKEY", "20,18": "ON OFF PLATFORM", "42,14": "FLIP BLOCK", "74,9": "POKEY", "61,15": "POKEY", "74,7": "POKEY", "74,10": "POKEY", "57,15": "POKEY", "52,13": "SMALL TURNIP", "92,13": "POKEY", "61,13": "POKEY", "24,9": "GREEN POKEY", "47,10": "RIGHT FIRE PIRANHA PLANT", "59,15": "SMALL TURNIP", "52,15": "MONTY MOLE", "57,13": "POKEY", "102,9": "SMALL TURNIP", "18,18": "ON OFF PLATFORM", "99,11": "MONTY MOLE", "92,11": "POKEY", "74,12": "POKEY", "75,3": "SMALL TURNIP", "69,3": "SMALL TURNIP", "64,11": "SMALL TURNIP", "84,7": "POKEY", "79,9": "POKEY", "100,9": "POKEY", "100,7": "POKEY", "79,7": "POKEY", "98,9": "SMALL TURNIP", "84,9": "POKEY", "96,9": "SMALL TURNIP", "79,11": "POKEY", "94,12": "ON OFF PLATFORM", "77,3": "SMALL TURNIP", "19,18": "ON OFF PLATFORM", "79,3": "SMALL TURNIP", "84,11": "POKEY", "94,14": "ON OFF PLATFORM", "33,10": "GREEN POKEY", "17,18": "ON OFF PLATFORM", "24,10": "GREEN POKEY", "43,14": "FLIP BLOCK", "84,13": "POKEY", "27,9": "GREEN POKEY", "79,13": "POKEY", "61,14": "POKEY", "27,10": "GREEN POKEY", "68,11": "SMALL TURNIP", "74,8": "POKEY", "92,12": "POKEY", "14,18": "ON OFF PLATFORM", "73,3": "SMALL TURNIP", "66,8": "HIDDEN NOTE BLOCK", "74,11": "POKEY", "4,10": "QUESTION BLOCK", "30,10": "GREEN POKEY", "57,14": "POKEY", "6,11": "CHECKPOINT", "50,13": "SMALL TURNIP", "30,9": "GREEN POKEY", "49,15": "MONTY MOLE", "74,13": "POKEY", "92,10": "POKEY", "87,11": "SMALL TURNIP", "81,3": "SMALL TURNIP", "66,11": "SMALL TURNIP", "61,12": "POKEY", "73,14": "SMALL TURNIP", "36,6": "ON OFF BLOCK", "57,12": "POKEY", "92,14": "POKEY", "33,9": "GREEN POKEY", "94,13": "ON OFF PLATFORM", "79,10": "POKEY", "84,10": "POKEY", "48,13": "SMALL TURNIP", "84,14": "POKEY", "44,14": "FLIP BLOCK", "84,8": "POKEY", "43,17": "LARGE TURNIP", "79,8": "POKEY", "43,19": "MONTY MOLE", "100,8": "POKEY", "79,14": "POKEY", "81,14": "SMALL TURNIP", "41,14": "FLIP BLOCK", "71,3": "SMALL TURNIP", "84,12": "POKEY", "79,12": "POKEY", "15,18": "ON OFF PLATFORM", "77,14": "SMALL TURNIP", "106,3": "ON OFF BLOCK", "102,11": "MONTY MOLE" }, "CLASSIC_SCROLL": 0.000000, "DAREDEVIL": 0.000000, "TILES_BG": { }, "WIDTH": 111.000000, "MODIFIERS": { "4,10": "FIRE FLOWER", "1,12": "DESTINATION:START", "98,14": "TEXT:START,END" }, "HEIGHT": 22.000000, "BACKGROUND": "DESERT BRICKS", "MARKERS": { "21,16": "WARP LEFT", "95,13": "WARP LEFT", "98,14": "WARP MARKER" }, "KEEP_POWERUP": 0.000000, "RAIN": 0.000000, "TILES": { "4,7": "7,18", "4,15": "7,17", "30,15": "7,19", "52,19": "7,17", "46,6": "7,17", "87,3": "7,17", "106,16": "7,17", "99,19": "7,17", "53,3": "7,17", "37,3": "7,17", "97,11": "7,17", "92,19": "7,17", "59,19": "7,17", "8,16": "7,17", "5,1": "7,17", "53,20": "7,17", "47,0": "7,17", "23,0": "7,17", "86,5": "7,17", "98,20": "7,17", "73,17": "7,17", "3,16": "7,17", "36,5": "7,18", "52,5": "7,17", "93,0": "7,17", "101,15": "7,17", "93,20": "7,17", "78,17": "7,17", "58,20": "7,17", "3,18": "7,17", "37,18": "7,16", "104,13": "7,17", "78,19": "7,17", "8,18": "7,17", "11,15": "7,17", "39,10": "7,17", "73,6": "7,18", "95,14": "32,17", "107,21": "7,17", "73,19": "7,17", "2,21": "7,17", "36,21": "7,17", "108,10": "7,17", "92,17": "7,17", "79,20": "7,17", "59,17": "7,17", "1,13": "33,17", "9,21": "7,17", "52,17": "7,17", "46,8": "7,17", "35,13": "7,17", "16,0": "7,17", "103,10": "7,16", "106,18": "7,17", "99,17": "7,17", "72,20": "7,17", "2,4": "7,17", "24,5": "7,18", "49,0": "7,17", "40,5": "7,17", "63,14": "6,17", "88,5": "8,17", "85,19": "7,17", "27,15": "7,19", "40,11": "8,17", "45,19": "7,17", "38,5": "7,17", "31,0": "7,17", "55,0": "7,17", "104,8": "6,17", "68,14": "7,17", "3,2": "7,17", "48,6": "7,17", "41,3": "7,17", "25,3": "7,17", "80,6": "7,18", "84,20": "7,17", "54,6": "7,18", "44,20": "7,17", "39,3": "7,17", "87,12": "7,16", "64,17": "7,17", "49,14": "7,16", "60,0": "7,17", "69,5": "7,17", "105,0": "7,17", "110,21": "7,17", "64,19": "7,17", "48,8": "8,18", "18,0": "7,17", "11,5": "7,17", "75,5": "7,17", "110,5": "7,17", "89,14": "15,23", "45,17": "6,17", "22,13": "7,17", "61,6": "7,18", "65,20": "7,17", "21,21": "6,17", "29,13": "7,17", "10,3": "7,17", "66,12": "7,16", "85,17": "7,17", "22,19": "7,17", "27,11": "15,25", "38,1": "7,17", "31,4": "7,17", "55,4": "7,17", "94,1": "7,17", "2,0": "7,17", "29,19": "7,17", "49,4": "7,17", "40,1": "7,17", "24,1": "7,17", "80,15": "7,16", "81,4": "7,16", "88,1": "7,17", "66,18": "7,17", "54,2": "7,17", "23,20": "7,17", "39,7": "7,17", "30,2": "7,17", "64,13": "7,17", "87,16": "7,17", "3,6": "7,17", "47,16": "7,17", "28,20": "7,17", "48,2": "7,17", "41,7": "7,17", "20,12": "7,17", "67,21": "7,17", "3,8": "8,17", "25,14": "7,18", "42,10": "7,18", "47,18": "7,17", "41,9": "7,17", "18,4": "7,17", "11,1": "7,17", "110,1": "7,17", "39,9": "7,17", "60,4": "7,17", "87,18": "7,17", "10,7": "7,18", "29,17": "33,17", "46,21": "7,17", "19,2": "7,17", "66,16": "7,17", "22,17": "33,17", "61,2": "7,17", "104,2": "7,18", "86,21": "7,17", "13,14": "8,16", "37,7": "6,17", "97,15": "7,16", "92,2": "7,18", "105,20": "7,17", "71,18": "7,17", "1,19": "7,17", "4,3": "7,17", "18,14": "7,18", "30,11": "15,25", "35,19": "7,17", "46,2": "7,17", "22,2": "7,17", "106,12": "7,17", "3,12": "32,16", "50,16": "7,17", "52,1": "7,17", "36,1": "7,17", "37,12": "7,17", "101,11": "7,17", "104,19": "7,17", "70,21": "7,17", "0,20": "7,17", "5,5": "7,17", "34,20": "7,17", "47,4": "7,17", "23,4": "7,17", "86,1": "7,17", "90,16": "7,17", "39,14": "7,18", "17,2": "7,17", "76,15": "7,16", "95,10": "7,16", "90,18": "7,17", "6,14": "7,16", "32,14": "7,18", "50,18": "7,17", "104,17": "7,17", "1,17": "7,17", "35,17": "33,17", "16,4": "7,17", "72,4": "7,16", "99,13": "6,17", "103,14": "7,17", "91,21": "7,17", "37,9": "6,17", "51,21": "7,17", "102,1": "7,17", "108,14": "7,17", "71,16": "7,17", "49,16": "7,17", "26,20": "7,17", "60,2": "7,17", "105,2": "7,18", "82,16": "7,17", "69,21": "7,17", "11,7": "7,18", "25,12": "7,16", "18,2": "7,17", "110,7": "7,17", "89,16": "7,17", "62,21": "7,17", "22,11": "15,25", "45,15": "6,17", "27,19": "7,17", "38,9": "7,17", "61,4": "7,17", "68,18": "7,17", "2,8": "7,17", "29,11": "15,25", "40,9": "7,17", "19,4": "7,17", "10,1": "7,17", "85,15": "7,16", "63,18": "7,17", "2,6": "7,17", "43,21": "7,17", "49,2": "7,17", "40,7": "7,17", "88,21": "7,17", "63,16": "7,17", "27,17": "33,17", "40,13": "8,17", "48,21": "7,17", "38,7": "7,17", "31,2": "7,17", "55,2": "7,17", "83,21": "7,17", "68,16": "7,17", "3,0": "7,17", "20,14": "7,18", "42,18": "7,16", "47,10": "33,17", "48,4": "7,17", "41,1": "7,17", "25,1": "7,17", "80,4": "7,16", "89,1": "7,17", "110,9": "7,17", "89,18": "7,17", "54,4": "7,17", "49,18": "7,17", "39,1": "7,17", "30,4": "7,17", "95,1": "7,17", "82,18": "7,17", "64,15": "7,17", "32,12": "7,16", "55,16": "7,16", "103,1": "7,17", "104,11": "7,17", "101,19": "7,17", "75,21": "7,17", "36,9": "15,23", "5,20": "7,17", "11,17": "7,17", "31,20": "7,17", "39,12": "7,17", "17,4": "7,17", "73,4": "7,16", "95,16": "7,17", "92,15": "7,16", "108,12": "7,17", "100,20": "7,17", "74,18": "7,17", "1,11": "7,18", "4,19": "7,17", "35,11": "7,17", "52,15": "7,17", "30,19": "7,17", "16,2": "7,17", "103,12": "7,17", "99,15": "7,17", "4,17": "7,17", "10,20": "7,17", "4,5": "7,17", "18,12": "7,16", "30,17": "33,17", "46,4": "7,17", "22,4": "7,17", "87,1": "7,17", "106,14": "7,17", "94,21": "7,17", "54,21": "7,17", "53,1": "7,17", "37,1": "7,17", "97,13": "33,16", "74,16": "7,17", "8,14": "7,16", "11,19": "7,17", "5,3": "7,17", "47,2": "7,17", "23,2": "7,17", "73,15": "7,16", "95,18": "7,17", "3,14": "7,16", "37,14": "7,18", "78,15": "7,16", "93,2": "7,18", "101,17": "7,17", "55,18": "7,17", "47,8": "7,18", "17,0": "7,17", "95,12": "6,18", "76,17": "7,17", "56,20": "7,17", "6,16": "7,17", "12,21": "7,17", "32,16": "33,16", "104,15": "7,17", "96,20": "7,17", "1,15": "7,17", "35,15": "7,19", "72,6": "7,18", "99,11": "7,17", "103,16": "7,17", "57,19": "7,17", "13,18": "8,17", "108,16": "7,17", "97,19": "7,17", "71,14": "15,23", "13,16": "8,17", "7,21": "7,17", "33,21": "7,17", "53,5": "7,17", "37,5": "7,17", "92,0": "7,17", "108,18": "7,17", "97,17": "7,17", "4,1": "7,17", "38,21": "7,17", "46,0": "7,17", "22,0": "7,17", "30,13": "7,17", "87,5": "7,17", "106,10": "7,17", "103,18": "7,17", "77,20": "7,17", "57,17": "7,17", "3,10": "8,17", "6,18": "7,17", "32,18": "7,16", "50,14": "7,16", "52,3": "7,17", "36,3": "7,17", "37,10": "7,17", "101,13": "7,17", "109,21": "7,17", "5,7": "7,18", "39,18": "7,16", "47,6": "7,17", "86,3": "7,17", "102,21": "7,17", "76,19": "7,17", "90,14": "15,23", "25,16": "33,16", "11,3": "7,17", "110,3": "7,17", "81,20": "7,17", "41,20": "7,17", "60,6": "7,18", "61,17": "7,17", "105,6": "15,23", "29,15": "7,19", "19,0": "7,17", "10,5": "7,17", "74,5": "7,17", "80,19": "7,17", "66,14": "7,17", "22,15": "7,19", "40,19": "7,17", "61,0": "7,17", "68,5": "6,17", "104,0": "7,17", "38,3": "7,17", "27,13": "7,17", "68,12": "7,16", "55,6": "7,18", "60,20": "7,17", "40,17": "15,23", "2,2": "7,17", "49,6": "7,18", "24,21": "7,17", "40,3": "7,17", "24,3": "7,17", "63,12": "6,16", "81,6": "7,18", "88,3": "8,17", "80,17": "7,17", "54,0": "7,17", "39,5": "7,17", "30,0": "7,17", "105,8": "7,17", "87,14": "7,17", "61,19": "7,17", "3,4": "7,17", "20,10": "7,16", "25,5": "7,18", "25,18": "7,16", "47,14": "7,16", "48,0": "7,17", "41,5": "7,17", "7,3": "7,17", "26,17": "33,17", "49,21": "7,17", "45,2": "7,17", "21,2": "7,17", "110,14": "7,17", "82,21": "7,17", "69,16": "7,17", "42,21": "7,17", "62,16": "7,16", "59,2": "7,17", "91,2": "7,18", "89,21": "7,17", "6,5": "7,17", "48,18": "7,17", "44,4": "7,17", "29,1": "7,17", "20,4": "7,17", "85,1": "7,17", "83,18": "7,17", "65,15": "7,17", "21,14": "7,18", "43,18": "7,16", "46,10": "8,18", "51,1": "7,17", "35,1": "7,17", "58,4": "7,17", "99,1": "7,17", "88,18": "7,17", "100,9": "15,23", "24,12": "7,16", "109,2": "7,17", "88,16": "7,17", "63,21": "7,17", "48,16": "7,17", "27,20": "7,17", "14,2": "7,17", "83,16": "7,17", "68,21": "7,17", "28,11": "15,25", "64,1": "7,17", "84,15": "7,16", "108,4": "7,17", "101,1": "7,17", "62,18": "7,17", "23,11": "15,25", "26,19": "7,17", "15,4": "7,17", "71,4": "7,16", "69,18": "7,17", "8,5": "7,17", "1,0": "7,17", "43,1": "7,17", "27,1": "7,17", "96,13": "33,16", "82,4": "7,17", "75,16": "7,17", "55,21": "7,17", "5,17": "7,17", "11,20": "7,17", "31,17": "33,17", "32,4": "7,17", "19,12": "7,17", "56,4": "7,17", "97,1": "7,17", "107,14": "7,17", "95,21": "7,17", "9,3": "7,17", "2,14": "7,16", "0,6": "7,17", "36,14": "7,18", "54,18": "7,17", "42,7": "7,17", "79,15": "7,16", "83,2": "7,17", "100,17": "7,17", "9,14": "7,16", "10,19": "7,17", "33,2": "7,17", "57,2": "7,17", "72,15": "7,16", "94,18": "7,17", "4,20": "7,17", "10,17": "7,17", "30,20": "7,17", "38,12": "7,17", "63,4": "7,17", "94,16": "7,17", "0,8": "7,17", "33,12": "7,16", "54,16": "7,17", "42,9": "7,17", "12,1": "7,17", "105,11": "7,17", "100,19": "7,17", "74,21": "7,17", "0,11": "7,18", "5,19": "7,17", "34,11": "6,17", "53,15": "7,17", "31,19": "7,17", "62,2": "7,17", "98,15": "7,16", "107,2": "7,17", "102,12": "7,17", "13,7": "7,18", "17,14": "6,18", "93,15": "7,16", "109,12": "7,17", "101,20": "7,17", "75,18": "7,17", "39,21": "7,17", "32,0": "7,17", "31,13": "7,17", "56,0": "7,17", "107,8": "7,17", "107,10": "7,17", "102,18": "7,17", "76,20": "7,17", "56,17": "7,17", "6,21": "7,17", "12,16": "7,17", "1,4": "7,17", "8,1": "7,17", "27,5": "7,18", "32,21": "7,17", "43,5": "7,17", "82,0": "6,17", "109,18": "7,17", "96,17": "7,17", "38,18": "7,16", "57,6": "7,18", "103,21": "7,17", "77,19": "7,17", "9,7": "7,18", "7,18": "7,17", "0,2": "7,17", "2,10": "7,17", "36,10": "7,16", "33,18": "7,16", "51,14": "7,16", "42,3": "7,17", "26,3": "7,17", "83,6": "7,18", "108,21": "7,17", "100,13": "7,17", "13,21": "8,17", "7,16": "7,17", "33,16": "33,16", "12,5": "7,17", "76,5": "7,17", "105,15": "7,17", "97,20": "7,17", "63,0": "7,17", "106,0": "7,17", "77,17": "7,17", "57,20": "7,17", "10,13": "15,23", "12,18": "7,17", "13,3": "7,17", "109,16": "7,17", "96,19": "7,17", "0,15": "7,17", "34,15": "7,19", "62,6": "7,18", "107,6": "6,17", "98,11": "7,17", "102,16": "7,17", "56,19": "7,17", "25,21": "7,17", "50,3": "7,17", "34,3": "7,17", "59,6": "7,18", "81,17": "7,17", "7,7": "7,18", "45,6": "7,17", "28,3": "7,17", "26,13": "7,17", "69,12": "8,16", "84,3": "7,17", "110,10": "7,17", "61,20": "7,17", "41,17": "15,23", "21,10": "8,16", "35,5": "7,18", "24,18": "7,16", "46,14": "7,16", "51,5": "7,17", "58,0": "7,17", "90,0": "7,17", "109,8": "7,17", "6,1": "7,17", "29,5": "7,18", "44,0": "7,17", "20,0": "7,17", "86,14": "6,17", "85,5": "7,17", "60,19": "7,17", "65,11": "15,23", "40,20": "7,17", "14,6": "7,17", "70,6": "7,18", "60,17": "7,17", "24,16": "33,16", "65,3": "8,17", "88,12": "8,16", "109,6": "7,17", "80,20": "7,17", "23,15": "7,19", "41,19": "7,17", "45,8": "7,17", "15,0": "7,17", "78,5": "7,17", "28,15": "7,19", "64,5": "7,17", "108,0": "7,17", "81,19": "7,17", "67,14": "7,17", "9,18": "7,17", "10,15": "7,17", "38,10": "7,17", "63,6": "7,18", "106,21": "7,17", "72,19": "7,17", "106,6": "15,23", "2,18": "7,17", "36,18": "7,16", "54,14": "8,16", "12,3": "7,17", "105,13": "7,17", "79,19": "7,17", "0,13": "33,17", "8,21": "7,17", "53,17": "7,17", "34,13": "7,17", "62,0": "7,17", "102,10": "7,16", "107,0": "7,17", "107,18": "7,17", "98,17": "7,17", "73,20": "7,17", "3,21": "7,17", "37,21": "7,17", "13,5": "7,17", "77,5": "7,17", "109,10": "7,17", "93,17": "7,17", "78,20": "7,17", "58,17": "7,17", "8,7": "7,18", "1,2": "7,17", "43,3": "7,17", "27,3": "7,17", "82,6": "7,18", "96,11": "7,17", "93,19": "7,17", "58,19": "7,17", "5,15": "7,17", "19,10": "6,16", "31,15": "7,19", "53,19": "7,17", "56,6": "7,18", "107,16": "7,17", "98,19": "7,17", "9,1": "7,17", "2,16": "7,17", "0,4": "7,17", "26,5": "7,18", "36,16": "32,16", "42,5": "7,17", "83,0": "7,17", "100,15": "7,17", "92,20": "7,17", "79,17": "7,17", "59,20": "7,17", "9,16": "7,17", "52,20": "7,17", "33,0": "7,17", "57,0": "7,17", "106,8": "7,17", "99,20": "7,17", "72,17": "7,17", "21,18": "6,16", "65,5": "8,17", "88,14": "8,17", "109,0": "7,17", "48,14": "7,16", "44,8": "7,17", "14,0": "7,17", "79,5": "7,17", "65,19": "7,17", "83,14": "15,23", "28,13": "7,17", "67,12": "7,16", "64,3": "7,17", "108,6": "7,17", "84,17": "7,17", "15,6": "8,17", "23,13": "7,17", "71,6": "7,18", "110,18": "7,17", "64,20": "7,17", "78,3": "15,23", "7,1": "7,17", "28,5": "7,18", "26,15": "7,19", "44,19": "7,17", "45,0": "7,17", "21,0": "7,17", "69,14": "8,17", "84,5": "7,17", "110,16": "7,17", "34,5": "7,18", "50,5": "7,17", "59,0": "7,17", "91,0": "7,17", "108,8": "7,17", "84,19": "7,17", "6,7": "7,18", "45,20": "7,17", "44,6": "7,17", "29,3": "7,17", "86,12": "6,16", "85,3": "7,17", "65,17": "7,17", "21,16": "32,16", "51,3": "7,17", "35,3": "7,17", "58,6": "7,18", "85,20": "7,17", "48,10": "32,17", "14,4": "7,17", "70,4": "7,16", "86,18": "7,17", "60,15": "15,23", "24,14": "7,18", "43,10": "7,18", "46,18": "7,17", "65,1": "8,17", "109,4": "7,17", "100,1": "7,17", "23,17": "33,17", "15,2": "7,17", "87,21": "7,17", "28,17": "33,17", "47,21": "7,17", "108,2": "7,17", "67,16": "7,17", "28,19": "7,17", "50,1": "7,17", "34,1": "7,17", "59,4": "7,17", "81,15": "7,16", "98,1": "7,17", "67,18": "7,17", "7,5": "7,17", "26,11": "15,25", "23,19": "7,17", "45,4": "7,17", "28,1": "7,17", "21,4": "7,17", "84,1": "7,17", "110,12": "7,17", "46,16": "7,17", "29,20": "7,17", "21,12": "7,17", "58,2": "7,17", "90,2": "7,18", "66,21": "7,17", "6,3": "7,17", "22,20": "7,17", "44,2": "7,17", "20,2": "7,17", "86,16": "7,17", "65,13": "7,17", "7,14": "7,16", "12,7": "7,18", "33,14": "7,18", "51,18": "7,17", "105,17": "7,17", "38,14": "7,18", "63,2": "7,17", "77,15": "7,16", "94,10": "6,16", "106,2": "7,18", "91,18": "7,17", "1,8": "7,17", "17,12": "6,16", "50,21": "7,17", "43,9": "7,17", "13,1": "7,17", "109,14": "7,17", "70,16": "7,17", "0,17": "7,17", "34,17": "33,17", "62,4": "7,17", "98,13": "33,16", "107,4": "6,17", "102,14": "7,17", "90,21": "7,17", "0,19": "7,17", "19,14": "7,18", "31,11": "15,25", "34,19": "7,17", "32,2": "7,17", "56,2": "7,17", "107,12": "7,17", "56,15": "15,23", "12,14": "7,16", "1,6": "7,17", "8,3": "7,17", "43,7": "7,17", "82,2": "6,17", "96,15": "7,16", "104,20": "7,17", "70,18": "7,17", "1,20": "7,17", "35,20": "7,17", "33,4": "7,17", "57,4": "7,17", "96,1": "7,17", "91,16": "7,17", "9,5": "7,17", "2,12": "33,16", "0,0": "7,17", "51,16": "7,17", "42,1": "7,17", "36,12": "7,17", "26,1": "7,17", "83,4": "7,17", "100,11": "7,17", "105,19": "7,17", "71,21": "7,17", "29,16": "33,16", "46,20": "7,17", "19,3": "7,17", "10,6": "7,17", "74,6": "7,18", "66,17": "7,17", "22,16": "33,16", "61,3": "7,17", "68,6": "6,18", "86,20": "7,17", "3,9": "8,17", "18,5": "7,18", "25,15": "7,19", "47,19": "7,17", "41,8": "7,17", "11,0": "7,17", "110,0": "7,17", "39,8": "7,17", "60,5": "7,17", "87,19": "7,17", "54,3": "7,17", "23,21": "7,17", "39,6": "7,17", "30,3": "7,17", "64,12": "7,16", "87,17": "7,17", "3,7": "7,17", "47,17": "7,17", "28,21": "7,17", "48,3": "7,17", "41,6": "7,17", "20,13": "7,17", "67,20": "7,17", "22,18": "7,16", "31,5": "7,18", "40,14": "8,18", "38,0": "7,17", "55,5": "7,17", "94,0": "7,17", "2,1": "7,17", "29,18": "7,16", "49,5": "7,17", "40,0": "7,17", "24,0": "7,17", "81,5": "7,17", "88,0": "7,17", "66,19": "7,17", "16,5": "7,18", "1,16": "7,17", "35,16": "33,16", "72,5": "7,17", "103,15": "7,17", "99,12": "7,17", "91,20": "7,17", "37,8": "6,17", "51,20": "7,17", "102,0": "7,17", "108,15": "7,17", "71,17": "7,17", "17,3": "7,17", "95,11": "7,17", "90,19": "7,17", "6,15": "7,17", "32,15": "7,19", "50,19": "7,17", "104,16": "7,17", "3,13": "32,17", "50,17": "7,17", "52,0": "7,17", "36,0": "7,17", "37,13": "7,17", "101,10": "7,16", "104,18": "7,17", "70,20": "7,17", "23,5": "7,18", "0,21": "7,17", "5,4": "7,17", "34,21": "7,17", "47,5": "7,17", "86,0": "7,17", "90,17": "7,17", "8,13": "15,23", "13,15": "8,17", "37,6": "6,17", "53,6": "7,18", "97,14": "33,17", "105,21": "7,17", "71,19": "7,17", "1,18": "7,17", "4,2": "7,17", "35,18": "7,16", "46,3": "7,17", "22,3": "7,17", "87,6": "7,18", "106,13": "7,17", "2,20": "7,17", "36,20": "7,17", "59,16": "7,16", "108,11": "7,17", "92,16": "7,17", "79,21": "7,17", "1,12": "33,16", "9,20": "7,17", "46,9": "8,17", "52,16": "7,17", "35,12": "7,17", "16,1": "7,17", "103,11": "7,17", "106,19": "7,17", "99,16": "7,17", "72,21": "7,17", "3,19": "7,17", "32,11": "15,25", "37,19": "7,17", "103,2": "7,18", "104,12": "7,17", "78,18": "7,17", "55,15": "15,23", "11,14": "7,16", "8,19": "7,17", "39,11": "7,17", "95,15": "7,16", "107,20": "7,17", "73,18": "7,17", "8,17": "7,17", "5,0": "7,17", "53,21": "7,17", "47,1": "7,17", "23,1": "7,17", "86,4": "7,17", "98,21": "7,17", "73,16": "7,17", "3,17": "7,17", "52,4": "7,17", "36,4": "7,17", "93,1": "7,17", "101,14": "7,17", "93,21": "7,17", "78,16": "7,17", "58,21": "7,17", "4,14": "7,16", "4,6": "7,17", "30,14": "7,18", "52,18": "7,17", "46,7": "7,17", "87,2": "7,17", "106,17": "7,17", "99,18": "7,17", "18,11": "15,23", "53,2": "7,17", "37,2": "7,17", "74,15": "7,16", "97,10": "7,16", "92,18": "7,17", "59,18": "7,17", "45,16": "6,17", "22,12": "7,16", "104,7": "6,16", "65,21": "7,17", "21,20": "6,17", "29,12": "7,16", "10,2": "7,17", "85,16": "7,17", "66,13": "7,17", "49,15": "7,17", "60,1": "7,17", "69,4": "7,16", "82,15": "7,16", "105,1": "7,17", "110,20": "7,17", "64,18": "7,17", "25,11": "15,25", "48,9": "32,16", "18,1": "7,17", "11,4": "7,17", "75,4": "7,16", "89,15": "7,16", "110,4": "7,17", "3,3": "7,17", "48,7": "8,17", "41,2": "7,17", "25,2": "7,17", "89,2": "7,18", "84,21": "7,17", "44,21": "7,17", "39,2": "7,17", "87,13": "7,17", "95,2": "7,18", "64,16": "7,17", "2,5": "7,17", "49,1": "7,17", "40,4": "7,17", "24,4": "7,17", "63,15": "6,17", "88,4": "8,17", "85,18": "7,17", "27,14": "7,18", "45,18": "7,17", "38,4": "7,17", "40,10": "7,17", "31,1": "7,17", "55,1": "7,17", "104,9": "6,17", "68,15": "7,17", "3,11": "8,18", "6,19": "7,17", "50,15": "7,17", "32,19": "7,17", "52,2": "7,17", "36,2": "7,17", "37,11": "7,17", "101,12": "7,17", "109,20": "7,17", "5,6": "7,17", "39,19": "7,17", "47,7": "7,17", "90,15": "7,16", "86,2": "7,17", "102,20": "7,17", "76,18": "7,17", "13,17": "8,17", "7,20": "7,17", "33,20": "7,17", "53,4": "7,17", "37,4": "7,17", "92,1": "7,17", "108,19": "7,17", "97,16": "7,17", "4,0": "7,17", "30,12": "7,16", "38,20": "7,17", "46,1": "7,17", "22,1": "7,17", "57,16": "7,16", "87,4": "7,17", "106,11": "7,17", "103,19": "7,17", "77,21": "7,17", "1,14": "7,16", "35,14": "7,18", "99,10": "7,16", "103,17": "7,17", "57,18": "7,17", "13,19": "8,17", "71,15": "7,16", "102,2": "7,18", "108,17": "7,17", "97,18": "7,17", "47,9": "33,16", "17,1": "7,17", "95,13": "32,16", "76,16": "7,17", "56,21": "7,17", "39,17": "15,23", "6,17": "7,17", "12,20": "7,17", "32,17": "33,17", "104,14": "7,17", "96,21": "7,17", "54,1": "7,17", "39,4": "7,17", "30,1": "7,17", "105,9": "7,17", "87,15": "7,17", "61,18": "7,17", "3,5": "7,17", "20,11": "7,17", "47,15": "7,17", "25,19": "7,17", "48,1": "7,17", "41,4": "7,17", "25,4": "7,17", "27,12": "7,16", "38,2": "7,17", "94,2": "7,18", "68,13": "7,17", "60,21": "7,17", "2,3": "7,17", "24,20": "7,17", "40,2": "7,17", "24,2": "7,17", "63,13": "6,17", "88,2": "7,17", "80,16": "7,17", "29,14": "7,18", "19,1": "7,17", "10,4": "7,17", "74,4": "7,16", "80,18": "7,17", "66,15": "7,17", "22,14": "7,18", "40,18": "7,16", "45,10": "7,18", "61,1": "7,17", "68,4": "6,16", "104,1": "7,17", "25,17": "33,17", "11,2": "7,17", "110,2": "7,17", "81,21": "7,17", "41,21": "7,17", "61,16": "7,16", "105,7": "7,16", "3,1": "7,17", "42,19": "7,17", "48,5": "7,17", "41,0": "7,17", "25,0": "7,17", "80,5": "7,17", "89,0": "7,17", "110,8": "7,17", "89,19": "7,17", "30,5": "7,18", "54,5": "7,17", "49,19": "7,17", "39,0": "7,17", "95,0": "7,17", "82,19": "7,17", "64,14": "7,17", "2,7": "7,17", "43,20": "7,17", "49,3": "7,17", "40,6": "7,17", "88,6": "8,18", "88,20": "7,17", "63,17": "7,17", "27,16": "33,16", "40,12": "8,17", "48,20": "7,17", "38,6": "7,17", "31,3": "7,17", "55,3": "7,17", "83,20": "7,17", "68,17": "7,17", "27,18": "7,16", "45,14": "6,16", "38,8": "7,17", "61,5": "7,17", "68,19": "7,17", "19,5": "7,18", "2,9": "7,17", "40,8": "7,17", "10,0": "7,17", "63,19": "7,17", "49,17": "7,17", "26,21": "7,17", "60,3": "7,17", "69,6": "7,18", "82,17": "7,17", "69,20": "7,17", "18,3": "7,17", "25,13": "7,17", "11,6": "7,17", "75,6": "7,18", "110,6": "7,17", "89,17": "7,17", "62,20": "7,17", "8,15": "7,17", "11,18": "7,17", "5,2": "7,17", "47,3": "7,17", "23,3": "7,17", "86,6": "7,18", "95,19": "7,17", "3,15": "7,17", "52,6": "7,18", "101,16": "7,17", "55,19": "7,17", "22,5": "7,18", "4,16": "7,17", "10,21": "7,17", "4,4": "7,17", "18,13": "7,17", "30,16": "33,16", "46,5": "7,17", "87,0": "7,17", "106,15": "7,17", "94,20": "7,17", "54,20": "7,17", "53,0": "7,17", "37,0": "7,17", "97,12": "7,18", "74,17": "7,17", "13,13": "15,23", "108,13": "7,17", "100,21": "7,17", "74,19": "7,17", "92,14": "15,23", "4,18": "7,17", "1,10": "7,17", "35,10": "7,16", "30,18": "7,16", "52,14": "7,16", "16,3": "7,17", "99,14": "6,17", "103,13": "7,17", "72,3": "15,23", "32,13": "7,17", "103,0": "7,17", "104,10": "7,17", "101,18": "7,17", "75,20": "7,17", "55,17": "7,17", "17,5": "7,18", "5,21": "7,17", "11,16": "7,17", "31,21": "7,17", "39,13": "7,17", "73,5": "7,17", "95,17": "7,17", "12,19": "7,17", "13,2": "7,17", "70,15": "7,16", "109,17": "7,17", "96,18": "7,17", "0,14": "7,16", "34,14": "7,18", "98,10": "7,16", "107,7": "7,17", "102,17": "7,17", "56,18": "7,17", "13,20": "8,17", "7,17": "7,17", "33,17": "33,17", "12,4": "7,17", "76,4": "7,16", "105,14": "7,17", "97,21": "7,17", "63,1": "7,17", "106,1": "7,17", "77,16": "7,17", "57,21": "7,17", "38,19": "7,17", "91,15": "7,16", "96,2": "7,18", "103,20": "7,17", "77,18": "7,17", "9,6": "7,17", "2,11": "7,18", "7,19": "7,17", "0,3": "7,17", "51,15": "7,17", "33,19": "7,17", "42,2": "7,17", "36,11": "7,17", "26,2": "7,17", "108,20": "7,17", "100,12": "7,17", "31,12": "7,16", "39,20": "7,17", "32,1": "7,17", "56,16": "7,16", "56,1": "7,17", "107,9": "7,17", "107,11": "7,17", "102,19": "7,17", "76,21": "7,17", "6,20": "7,17", "12,17": "7,17", "1,5": "7,17", "8,0": "7,17", "32,20": "7,17", "43,4": "7,17", "27,4": "7,17", "82,1": "6,17", "109,19": "7,17", "96,16": "7,17", "23,14": "7,18", "41,18": "7,16", "44,10": "7,18", "45,9": "7,17", "15,1": "7,17", "78,4": "7,16", "28,14": "7,18", "64,4": "7,17", "108,1": "7,17", "81,18": "7,17", "67,15": "7,17", "14,7": "7,18", "40,21": "7,17", "60,16": "7,16", "24,17": "33,17", "65,2": "8,17", "88,13": "8,17", "100,2": "7,18", "109,7": "7,17", "80,21": "7,17", "21,11": "8,17", "46,15": "7,17", "24,19": "7,17", "51,4": "7,17", "35,4": "7,17", "58,1": "7,17", "90,1": "7,17", "109,9": "7,17", "6,0": "7,17", "44,1": "7,17", "29,4": "7,17", "20,1": "7,17", "85,4": "7,17", "86,15": "7,17", "60,18": "7,17", "25,20": "7,17", "50,2": "7,17", "34,2": "7,17", "98,2": "7,18", "81,16": "7,17", "7,6": "7,17", "26,12": "7,16", "45,7": "7,17", "28,2": "7,17", "69,13": "8,17", "84,2": "7,17", "110,11": "7,17", "61,21": "7,17", "64,0": "7,17", "101,0": "7,17", "108,5": "7,17", "62,19": "7,17", "26,18": "7,16", "15,5": "7,17", "71,5": "7,17", "69,19": "7,17", "24,13": "7,17", "65,6": "8,18", "109,3": "7,17", "88,17": "7,17", "63,20": "7,17", "48,17": "7,17", "27,21": "7,17", "14,3": "7,17", "79,6": "7,18", "83,17": "7,17", "68,20": "7,17", "20,5": "7,18", "6,4": "7,17", "48,19": "7,17", "44,5": "7,17", "29,0": "7,17", "85,0": "7,17", "83,19": "7,17", "65,14": "7,17", "21,15": "7,19", "43,19": "7,17", "51,0": "7,17", "35,0": "7,17", "58,5": "7,17", "99,0": "7,17", "88,19": "7,17", "7,2": "7,17", "26,16": "33,16", "49,20": "7,17", "45,3": "7,17", "21,3": "7,17", "84,6": "7,18", "110,15": "7,17", "82,20": "7,17", "69,17": "7,17", "50,6": "7,18", "42,20": "7,17", "59,3": "7,17", "89,20": "7,17", "62,17": "7,17", "5,18": "7,17", "0,10": "7,17", "34,10": "6,16", "31,18": "7,16", "53,14": "7,16", "62,3": "7,17", "98,14": "33,17", "107,3": "6,17", "102,13": "7,17", "13,6": "7,17", "77,6": "7,18", "109,13": "7,17", "101,21": "7,17", "75,19": "7,17", "4,21": "7,17", "10,16": "7,17", "30,21": "7,17", "38,13": "7,17", "63,5": "7,17", "94,17": "7,17", "0,9": "7,17", "54,17": "7,17", "42,8": "7,17", "33,13": "7,17", "12,0": "7,17", "105,10": "7,17", "100,18": "7,17", "74,20": "7,17", "9,2": "7,17", "2,15": "7,17", "0,7": "7,17", "36,15": "7,19", "54,19": "7,17", "42,6": "7,17", "83,3": "7,17", "100,16": "7,17", "10,18": "7,17", "9,15": "7,17", "33,3": "7,17", "57,3": "7,17", "94,19": "7,17", "72,14": "15,23", "1,1": "7,17", "8,4": "7,17", "43,0": "7,17", "27,0": "7,17", "96,12": "7,18", "82,5": "7,17", "75,17": "7,17", "55,20": "7,17", "5,16": "7,17", "11,21": "7,17", "32,5": "7,18", "31,16": "33,16", "19,13": "7,17", "56,5": "7,17", "97,0": "7,17", "107,15": "7,17", "95,20": "7,17", "51,6": "7,18", "46,17": "7,17", "29,21": "7,17", "21,13": "7,17", "58,3": "7,17", "66,20": "7,17", "6,2": "7,17", "22,21": "7,17", "44,3": "7,17", "20,3": "7,17", "65,12": "7,16", "85,6": "7,18", "86,17": "7,17", "28,18": "7,16", "50,0": "7,17", "34,0": "7,17", "59,5": "7,17", "98,0": "7,17", "67,19": "7,17", "21,5": "7,18", "7,4": "7,17", "23,18": "7,16", "45,5": "7,17", "28,0": "7,17", "84,0": "7,17", "110,13": "7,17", "23,16": "33,16", "15,3": "7,17", "78,6": "7,18", "87,20": "7,17", "28,16": "33,16", "47,20": "7,17", "64,6": "7,18", "108,3": "7,17", "67,17": "7,17", "14,5": "7,17", "70,5": "7,17", "86,19": "7,17", "24,15": "7,19", "46,19": "7,17", "65,0": "8,17", "100,0": "7,17", "109,5": "7,17", "1,21": "7,17", "33,5": "7,18", "35,21": "7,17", "57,5": "7,17", "96,0": "7,17", "91,17": "7,17", "9,4": "7,17", "2,13": "33,17", "0,1": "7,17", "51,17": "7,17", "42,0": "7,17", "36,13": "7,17", "26,0": "7,17", "100,10": "7,16", "83,5": "7,17", "105,18": "7,17", "71,20": "7,17", "0,18": "7,17", "34,18": "7,16", "32,3": "7,17", "56,3": "7,17", "107,13": "7,17", "12,15": "7,17", "1,7": "7,17", "8,2": "7,17", "43,6": "7,17", "82,3": "6,17", "96,14": "33,17", "104,21": "7,17", "70,19": "7,17", "1,9": "7,17", "17,13": "6,17", "50,20": "7,17", "43,8": "7,17", "13,0": "7,17", "109,15": "7,17", "70,17": "7,17", "0,16": "7,17", "34,16": "33,16", "62,5": "7,17", "98,12": "7,18", "107,5": "6,17", "102,15": "7,17", "90,20": "7,17", "7,15": "7,17", "33,15": "7,19", "51,19": "7,17", "12,6": "7,17", "76,6": "7,18", "105,16": "7,17", "63,3": "7,17", "94,11": "6,18", "91,19": "7,17", "9,0": "7,17", "2,17": "7,17", "0,5": "7,17", "36,17": "32,17", "42,4": "7,17", "26,4": "7,17", "83,1": "7,17", "100,14": "7,17", "92,21": "7,17", "79,16": "7,17", "59,21": "7,17", "9,17": "7,17", "52,21": "7,17", "33,1": "7,17", "57,1": "7,17", "106,9": "7,17", "99,21": "7,17", "72,16": "7,17", "1,3": "7,17", "8,6": "7,17", "43,2": "7,17", "27,2": "7,17", "75,15": "7,16", "96,10": "7,16", "93,18": "7,17", "58,18": "7,17", "5,14": "7,16", "19,11": "6,17", "31,14": "7,18", "53,18": "7,17", "97,2": "7,18", "107,17": "7,17", "98,18": "7,17", "0,12": "33,16", "8,20": "7,17", "53,16": "7,17", "34,12": "7,17", "62,1": "7,17", "107,1": "7,17", "102,11": "7,17", "107,19": "7,17", "98,16": "7,17", "73,21": "7,17", "3,20": "7,17", "37,20": "7,17", "13,4": "7,17", "58,16": "7,16", "77,4": "7,16", "109,11": "7,17", "93,16": "7,17", "78,21": "7,17", "10,14": "7,16", "9,19": "7,17", "38,11": "7,17", "94,15": "7,16", "106,7": "7,16", "106,20": "7,17", "72,18": "7,17", "2,19": "7,17", "33,11": "15,25", "54,15": "8,17", "36,19": "7,17", "12,2": "7,17", "105,12": "7,17", "79,18": "7,17", "6,6": "7,17", "45,21": "7,17", "44,7": "7,17", "29,2": "7,17", "86,13": "6,17", "85,2": "7,17", "65,16": "7,17", "21,17": "32,17", "51,2": "7,17", "35,2": "7,17", "99,2": "7,18", "85,21": "7,17", "46,13": "15,23", "7,0": "7,17", "26,14": "7,18", "44,18": "7,16", "41,10": "7,18", "45,1": "7,17", "28,4": "7,17", "21,1": "7,17", "84,4": "7,17", "110,17": "7,17", "69,15": "7,17", "50,4": "7,17", "34,4": "7,17", "59,1": "7,17", "91,1": "7,17", "108,9": "7,17", "84,18": "7,17", "28,12": "7,16", "64,2": "7,17", "101,2": "7,18", "108,7": "7,17", "84,16": "7,17", "67,13": "7,17", "15,7": "8,18", "23,12": "7,16", "110,19": "7,17", "64,21": "7,17", "21,19": "6,17", "24,11": "15,25", "65,4": "8,17", "109,1": "7,17", "88,15": "7,17", "48,15": "7,17", "44,9": "7,17", "14,1": "7,17", "83,15": "7,16", "79,4": "7,16", "65,18": "7,17", "20,9": "15,23" }, "SNOW": 0.000000 }, "MAIN": { "MUSIC": "CHOCO", "OBJECTS": { "90,12": "P-COIN", "111,16": "QUESTION BLOCK", "20,16": "COIN", "116,15": "BRICK", "118,13": "RED KOOPA", "45,17": "SMALL TURNIP", "113,19": "BRICK", "113,17": "BRICK", "29,17": "POKEY", "65,24": "FALLING PLATFORM", "35,19": "SMALL TURNIP", "70,21": "NOTE BLOCK", "73,13": "BRICK", "90,16": "GREEN POKEY", "90,18": "GREEN POKEY", "99,13": "P-COIN", "92,13": "P-COIN", "116,19": "BRICK", "65,22": "FALLING PLATFORM", "85,15": "P-COIN", "27,17": "COIN", "116,17": "BRICK", "95,12": "P-COIN", "101,13": "P-COIN", "113,15": "BRICK", "27,13": "RED PANSER", "114,18": "BRICK", "25,18": "DINO TORCH", "26,17": "COIN", "81,13": "POKEY", "84,15": "P-COIN", "96,13": "P-COIN", "10,17": "QUESTION BLOCK", "77,13": "POKEY", "53,15": "POKEY", "19,16": "COIN", "109,18": "QUESTION BLOCK", "77,19": "POKEY", "100,13": "P-COIN", "77,17": "POKEY", "81,17": "POKEY", "115,18": "BRICK", "65,11": "SMALL TURNIP", "86,14": "P-COIN", "40,20": "SMALL TURNIP", "112,15": "QUESTION BLOCK", "115,16": "BRICK", "81,19": "POKEY", "53,17": "POKEY", "107,16": "RED KOOPA", "91,12": "P-COIN", "21,18": "DINO TORCH", "21,16": "COIN", "58,6": "MULTICOIN BLOCK", "112,17": "BRICK", "28,17": "COIN", "81,15": "POKEY", "112,19": "BRICK", "77,15": "POKEY", "53,13": "POKEY", "114,15": "BRICK", "118,16": "BRICK", "118,18": "BRICK", "20,13": "RED PANSER", "47,17": "SMALL TURNIP", "113,18": "BRICK", "60,23": "RED E-SWITCH", "29,18": "POKEY", "99,12": "P-COIN", "92,12": "P-COIN", "73,12": "BRICK", "90,17": "GREEN POKEY", "38,22": "NIPPER", "90,13": "P-COIN", "111,19": "BRICK", "20,17": "COIN", "116,14": "BRICK", "111,17": "BRICK", "101,12": "P-COIN", "90,15": "GREEN POKEY", "108,19": "QUESTION BLOCK", "95,13": "P-COIN", "12,20": "RED KOOPA", "114,19": "BRICK", "114,17": "BRICK", "113,14": "QUESTION BLOCK", "118,14": "BRICK", "116,16": "BRICK", "27,16": "COIN", "85,14": "P-COIN", "116,18": "BRICK", "73,14": "BRICK", "2,22": "MARIO", "77,16": "POKEY", "77,18": "POKEY", "100,12": "P-COIN", "19,17": "COIN", "109,19": "BRICK", "115,17": "BRICK", "81,18": "POKEY", "86,15": "P-COIN", "81,16": "POKEY", "115,19": "BRICK", "84,14": "P-COIN", "117,18": "BRICK", "48,17": "DINO TORCH", "117,16": "BRICK", "26,16": "COIN", "42,20": "SMALL TURNIP", "81,12": "POKEY", "53,14": "POKEY", "37,22": "NIPPER", "77,12": "POKEY", "72,14": "SMALL TURNIP", "96,12": "P-COIN", "81,14": "POKEY", "115,15": "BRICK", "28,16": "COIN", "53,12": "POKEY", "77,14": "POKEY", "9,17": "BRICK", "91,13": "P-COIN", "53,18": "POKEY", "53,16": "POKEY", "21,17": "COIN", "117,14": "BRICK", "110,17": "QUESTION BLOCK", "108,7": "CHECKPOINT", "110,19": "BRICK" }, "CLASSIC_SCROLL": 0.000000, "DAREDEVIL": 0.000000, "TILES_BG": { }, "WIDTH": 123.000000, "MODIFIERS": { "10,17": "FIRE FLOWER", "108,19": "1UP", "122,19": "TEXT:START,MAZE" }, "HEIGHT": 27.000000, "BACKGROUND": "DESERT", "MARKERS": { "122,19": "WARP MARKER", "58,14": "WARP BOTTOM", "119,18": "WARP LEFT", "58,9": "RIGHT" }, "KEEP_POWERUP": 0.000000, "RAIN": 0.000000, "TILES": { "10,22": "1,17", "52,19": "1,16", "46,6": "1,17", "94,23": "1,17", "77,26": "1,17", "99,19": "15,25", "106,16": "7,22", "57,11": "2,18", "54,23": "2,17", "59,19": "2,17", "53,3": "1,17", "92,19": "15,25", "105,24": "1,17", "0,24": "1,16", "34,24": "0,17", "53,20": "1,17", "47,0": "1,17", "73,17": "2,17", "73,8": "2,17", "98,20": "1,16", "122,0": "1,17", "122,10": "1,17", "17,21": "0,17", "58,20": "1,17", "52,5": "1,17", "93,20": "1,16", "121,22": "1,17", "78,17": "6,22", "66,3": "1,18", "96,26": "1,17", "75,23": "1,17", "78,19": "6,22", "56,26": "1,17", "73,19": "2,17", "73,6": "2,17", "107,21": "2,17", "5,22": "7,22", "36,21": "2,17", "51,25": "1,17", "79,20": "1,16", "100,22": "1,17", "120,15": "1,17", "108,10": "7,19", "2,21": "7,22", "59,17": "11,23", "9,21": "1,16", "46,8": "1,17", "72,20": "1,17", "72,0": "1,17", "91,25": "1,17", "106,18": "1,17", "52,17": "7,22", "43,23": "2,17", "49,0": "1,17", "63,14": "1,17", "85,19": "1,17", "88,23": "1,17", "112,24": "1,17", "48,23": "1,17", "45,19": "1,17", "60,26": "0,17", "55,0": "1,17", "83,23": "2,17", "119,24": "1,17", "28,24": "1,17", "48,6": "1,17", "84,20": "0,17", "23,24": "1,17", "44,20": "0,17", "54,6": "1,17", "64,17": "1,18", "26,22": "1,17", "41,26": "1,17", "54,8": "1,17", "61,11": "33,17", "110,21": "1,17", "60,0": "1,17", "48,8": "1,17", "81,26": "1,17", "119,0": "0,17", "68,3": "1,18", "86,25": "2,17", "21,21": "1,17", "46,25": "1,17", "66,12": "2,16", "85,17": "1,16", "117,22": "1,17", "22,19": "1,16", "55,4": "1,17", "119,20": "1,16", "29,19": "1,16", "24,23": "1,17", "49,4": "1,17", "112,20": "1,16", "23,20": "1,17", "44,24": "0,17", "54,2": "1,17", "64,13": "1,17", "115,23": "1,17", "28,20": "1,17", "48,2": "1,17", "84,24": "0,17", "47,16": "7,22", "47,18": "1,16", "81,22": "1,17", "119,4": "0,17", "26,26": "1,17", "41,22": "1,17", "49,10": "1,17", "61,15": "1,17", "69,1": "1,17", "110,25": "1,17", "21,25": "1,17", "46,21": "1,17", "66,16": "2,17", "117,26": "1,17", "85,13": "6,22", "29,17": "6,22", "86,21": "2,17", "61,2": "1,17", "7,23": "0,17", "53,7": "1,17", "71,18": "0,17", "105,20": "1,17", "10,26": "1,17", "38,23": "2,16", "46,2": "1,17", "77,22": "1,17", "1,19": "6,20", "57,15": "7,22", "35,19": "6,22", "17,25": "0,17", "58,24": "1,17", "52,1": "1,17", "93,24": "1,17", "104,19": "0,17", "109,23": "1,17", "121,26": "1,17", "78,13": "6,20", "34,20": "0,16", "53,24": "1,17", "47,4": "1,17", "98,24": "1,17", "102,23": "1,17", "122,4": "1,17", "122,14": "1,17", "5,26": "1,17", "19,23": "1,17", "56,22": "1,17", "73,2": "2,17", "107,25": "2,17", "12,23": "1,17", "55,10": "1,17", "96,22": "1,17", "104,17": "0,16", "9,25": "1,17", "72,24": "1,17", "72,4": "1,17", "91,21": "1,17", "35,17": "6,22", "2,25": "1,17", "36,25": "2,17", "51,21": "1,17", "53,9": "1,17", "59,13": "31,17", "71,16": "0,17", "67,1": "1,17", "100,26": "1,17", "79,24": "1,17", "120,11": "1,17", "26,20": "1,17", "41,24": "1,17", "61,13": "1,17", "110,23": "1,17", "60,2": "1,17", "81,24": "1,17", "119,2": "0,17", "27,19": "1,16", "68,1": "1,17", "21,23": "1,17", "117,20": "1,16", "85,15": "6,22", "24,25": "1,17", "43,21": "2,16", "49,2": "1,17", "63,16": "1,17", "88,21": "1,17", "112,26": "1,17", "48,21": "1,17", "60,24": "0,16", "55,2": "1,17", "83,21": "2,17", "119,26": "1,17", "28,26": "1,17", "20,14": "7,19", "48,4": "1,17", "47,10": "1,17", "84,22": "0,17", "23,26": "1,17", "44,22": "0,17", "49,18": "2,16", "54,4": "1,17", "64,15": "1,17", "115,25": "1,17", "12,25": "1,17", "52,9": "1,17", "66,1": "1,17", "96,24": "1,17", "75,21": "1,17", "101,19": "15,25", "19,25": "1,17", "56,24": "1,17", "73,4": "2,17", "107,23": "2,17", "36,23": "2,17", "71,10": "0,17", "100,20": "1,16", "79,22": "1,17", "120,17": "1,18", "2,23": "7,22", "30,19": "2,16", "9,23": "1,17", "72,22": "1,17", "72,2": "1,17", "52,15": "7,20", "38,25": "2,17", "46,4": "1,17", "94,21": "1,17", "77,24": "1,17", "106,14": "7,22", "30,17": "7,22", "7,25": "0,17", "54,21": "2,17", "53,1": "1,17", "120,19": "33,17", "105,26": "1,17", "0,26": "1,17", "34,26": "0,17", "53,22": "1,17", "47,2": "1,17", "73,15": "2,16", "98,22": "1,17", "102,25": "1,17", "122,2": "1,17", "122,12": "1,17", "11,19": "6,22", "17,23": "0,17", "55,18": "0,16", "58,22": "1,17", "52,7": "1,17", "50,10": "1,17", "93,22": "1,17", "121,20": "1,16", "109,25": "1,17", "78,15": "6,22", "5,24": "1,16", "19,21": "1,17", "56,20": "1,17", "47,8": "1,17", "73,0": "2,17", "122,18": "33,16", "122,8": "1,17", "76,17": "7,22", "12,21": "1,16", "96,20": "1,16", "75,25": "1,17", "57,19": "1,17", "52,11": "1,18", "72,26": "1,17", "72,6": "1,17", "91,23": "1,17", "35,15": "6,20", "18,18": "6,22", "51,23": "1,17", "67,3": "1,18", "100,24": "1,17", "79,26": "1,17", "97,19": "15,25", "120,13": "1,17", "71,14": "11,23", "59,11": "35,17", "7,21": "0,16", "54,25": "2,17", "53,5": "1,17", "105,22": "1,17", "10,24": "1,17", "46,0": "1,17", "72,8": "1,17", "77,20": "1,16", "94,25": "1,17", "106,10": "7,19", "57,17": "7,22", "18,16": "6,22", "58,26": "1,17", "52,3": "1,17", "93,26": "1,17", "109,21": "1,17", "121,24": "1,17", "34,22": "0,17", "53,26": "1,17", "47,6": "1,17", "73,11": "2,18", "98,26": "1,17", "102,21": "1,17", "122,6": "1,17", "122,16": "1,17", "76,19": "7,22", "81,20": "1,16", "119,6": "0,17", "26,24": "1,17", "61,17": "1,18", "69,3": "1,18", "41,20": "7,22", "46,23": "1,17", "49,8": "1,17", "66,14": "2,17", "117,24": "1,17", "45,11": "1,18", "55,8": "1,17", "86,23": "2,17", "40,19": "6,22", "61,0": "1,17", "48,25": "1,17", "55,6": "1,17", "83,25": "2,17", "119,22": "1,17", "40,17": "6,20", "24,21": "1,17", "43,25": "2,17", "49,6": "1,17", "63,12": "1,16", "88,25": "1,17", "112,22": "1,17", "23,22": "1,17", "44,26": "0,17", "54,0": "1,17", "115,21": "1,17", "28,22": "1,17", "48,0": "1,17", "84,26": "0,17", "119,8": "0,17", "47,14": "7,22", "49,21": "2,17", "61,24": "2,16", "45,2": "1,17", "82,21": "1,17", "120,2": "1,17", "118,26": "1,17", "25,25": "1,17", "42,21": "1,16", "50,7": "1,17", "62,16": "1,17", "89,21": "1,17", "113,26": "1,17", "59,2": "1,17", "22,26": "1,17", "48,18": "1,16", "45,22": "1,17", "44,4": "0,17", "65,15": "1,17", "121,4": "1,17", "114,25": "1,17", "29,26": "1,17", "21,14": "7,19", "51,1": "1,17", "46,10": "1,17", "85,22": "1,17", "80,24": "1,17", "27,20": "1,17", "40,24": "1,17", "60,13": "0,17", "70,2": "2,17", "119,11": "0,17", "111,23": "1,17", "20,23": "1,17", "50,9": "1,17", "64,1": "1,17", "116,20": "1,16", "26,19": "1,16", "71,4": "0,17", "6,25": "2,17", "55,21": "0,17", "104,26": "0,17", "121,19": "33,17", "75,16": "6,20", "39,25": "0,17", "56,4": "1,17", "95,21": "1,17", "76,24": "1,17", "11,20": "6,22", "59,22": "2,17", "51,10": "1,17", "92,22": "1,17", "108,25": "0,17", "120,20": "1,16", "79,15": "7,22", "54,18": "11,23", "1,26": "1,17", "35,26": "1,17", "52,22": "1,17", "72,15": "1,16", "103,25": "2,17", "99,22": "1,17", "57,2": "2,17", "30,20": "2,17", "18,25": "1,17", "57,24": "1,17", "106,23": "1,17", "13,25": "2,17", "74,21": "0,17", "97,24": "1,17", "100,19": "15,25", "8,23": "1,17", "73,22": "2,17", "62,2": "1,17", "122,25": "1,17", "37,23": "0,16", "101,20": "1,16", "78,22": "1,17", "121,17": "1,18", "75,18": "6,22", "3,23": "11,23", "11,24": "1,17", "39,21": "0,16", "56,0": "1,17", "76,20": "1,16", "95,25": "1,17", "107,10": "7,19", "56,17": "6,22", "19,16": "7,22", "55,25": "0,17", "104,22": "0,17", "35,22": "1,17", "52,26": "1,17", "72,11": "1,18", "103,21": "2,17", "99,26": "1,17", "1,22": "6,22", "57,6": "2,17", "59,26": "2,17", "71,23": "0,17", "92,26": "1,17", "108,21": "0,17", "120,24": "1,17", "13,21": "2,16", "74,25": "0,17", "97,20": "1,16", "105,15": "6,22", "4,24": "1,16", "30,24": "2,17", "18,21": "1,17", "57,20": "1,17", "63,0": "1,17", "57,8": "2,17", "50,23": "0,17", "101,24": "1,17", "78,26": "1,17", "96,19": "15,25", "121,13": "1,17", "12,18": "7,20", "58,11": "34,17", "56,19": "1,17", "53,11": "1,18", "73,26": "2,17", "90,23": "1,17", "122,21": "1,17", "19,18": "7,22", "25,21": "1,17", "42,25": "1,17", "50,3": "1,17", "62,12": "1,16", "89,25": "1,17", "113,22": "1,17", "49,25": "2,17", "45,6": "1,17", "82,25": "1,17", "120,6": "1,17", "118,22": "1,17", "110,10": "7,19", "41,17": "7,20", "29,22": "1,17", "51,5": "1,17", "85,26": "1,17", "46,14": "6,22", "24,18": "7,22", "58,0": "0,17", "22,22": "1,17", "45,26": "1,17", "44,0": "0,17", "121,0": "1,17", "114,21": "1,17", "86,14": "7,22", "27,24": "1,17", "60,17": "0,18", "119,15": "0,17", "40,20": "6,22", "65,3": "1,18", "80,20": "1,16", "24,16": "7,22", "44,11": "0,18", "45,8": "1,17", "71,0": "0,17", "87,23": "0,17", "120,8": "1,17", "41,19": "7,22", "23,15": "6,22", "47,23": "1,17", "116,24": "1,17", "81,19": "11,23", "30,22": "2,17", "57,26": "1,17", "72,19": "1,17", "106,21": "1,17", "4,22": "6,22", "74,23": "0,17", "97,26": "1,17", "105,13": "6,20", "79,19": "7,22", "36,18": "7,22", "8,21": "1,16", "56,8": "1,17", "73,20": "2,17", "62,0": "1,17", "90,25": "1,17", "107,18": "2,17", "50,25": "0,17", "78,20": "1,16", "101,22": "1,17", "121,15": "1,17", "109,10": "7,19", "55,23": "0,17", "58,19": "1,17", "93,19": "15,25", "104,24": "0,17", "11,22": "1,17", "53,19": "1,16", "56,11": "1,18", "56,6": "1,17", "95,23": "1,17", "76,26": "1,17", "98,19": "15,25", "107,16": "11,23", "59,20": "2,17", "71,25": "0,17", "92,20": "1,16", "120,22": "1,17", "79,17": "7,22", "36,16": "7,22", "1,24": "1,16", "35,24": "1,17", "52,20": "1,17", "72,17": "1,17", "99,20": "1,16", "57,0": "2,17", "80,26": "1,17", "21,18": "11,23", "27,22": "1,17", "40,26": "1,17", "44,8": "0,17", "70,0": "2,17", "119,13": "0,17", "121,8": "1,17", "111,21": "1,17", "60,11": "33,17", "20,21": "1,17", "47,25": "1,17", "64,3": "1,18", "84,17": "0,16", "116,22": "1,17", "71,6": "0,17", "87,25": "0,17", "23,13": "6,20", "44,17": "11,23", "44,19": "0,17", "49,23": "2,17", "61,26": "2,17", "45,0": "1,17", "71,8": "0,17", "82,23": "1,17", "120,0": "1,17", "118,24": "1,17", "42,23": "1,17", "50,5": "1,17", "62,14": "1,17", "84,19": "0,17", "89,23": "1,17", "113,24": "1,17", "59,0": "1,17", "22,24": "1,17", "45,20": "1,17", "44,6": "0,17", "65,17": "1,18", "121,6": "1,17", "86,12": "7,20", "29,24": "1,17", "51,3": "1,17", "85,20": "1,17", "27,26": "1,17", "40,22": "1,17", "48,10": "1,17", "60,15": "0,17", "86,18": "2,17", "119,17": "0,18", "111,25": "1,17", "46,18": "1,16", "51,9": "1,17", "65,1": "1,17", "80,22": "1,17", "24,14": "7,22", "71,2": "0,17", "87,21": "0,17", "23,17": "6,22", "20,25": "1,17", "47,21": "1,17", "116,26": "1,17", "28,19": "1,16", "25,23": "1,17", "50,1": "1,17", "113,20": "1,16", "62,10": "32,16", "23,19": "1,16", "45,4": "1,17", "118,20": "1,16", "120,4": "1,17", "29,20": "1,17", "51,7": "1,17", "85,24": "1,17", "46,16": "6,22", "58,2": "0,17", "22,20": "1,17", "45,24": "1,17", "44,2": "0,17", "65,13": "1,17", "119,19": "32,17", "121,2": "1,17", "114,23": "1,17", "86,16": "7,22", "13,23": "2,17", "54,10": "1,17", "97,22": "1,17", "105,17": "1,16", "51,18": "6,22", "4,26": "1,17", "30,26": "2,17", "18,23": "1,17", "57,22": "1,17", "63,2": "1,17", "106,25": "1,17", "3,25": "1,17", "37,25": "0,17", "50,21": "0,17", "58,13": "30,17", "101,26": "1,17", "78,24": "1,17", "121,11": "1,17", "8,25": "1,17", "73,24": "2,17", "90,21": "1,17", "122,23": "1,17", "11,26": "1,17", "19,14": "7,19", "39,23": "0,17", "56,2": "1,17", "76,22": "1,17", "56,15": "6,22", "34,19": "11,23", "104,20": "0,17", "35,20": "1,16", "52,24": "1,17", "103,23": "2,17", "99,24": "1,17", "1,20": "6,22", "57,4": "2,17", "59,24": "2,17", "71,21": "0,17", "92,24": "1,17", "108,23": "0,17", "120,26": "1,17", "105,19": "1,17", "79,13": "7,20", "51,16": "6,22", "21,24": "1,17", "46,20": "1,17", "66,17": "2,18", "29,16": "6,20", "85,12": "6,20", "86,20": "2,17", "61,3": "1,18", "47,19": "1,17", "81,23": "1,17", "119,5": "0,17", "41,23": "1,17", "49,11": "1,18", "61,14": "1,17", "69,0": "1,17", "87,19": "15,25", "110,24": "1,17", "23,21": "1,17", "44,25": "0,17", "54,3": "1,17", "64,12": "1,16", "115,22": "1,17", "28,21": "1,17", "48,3": "1,17", "84,25": "0,17", "47,17": "7,22", "48,26": "1,17", "55,5": "1,17", "83,26": "2,17", "119,21": "1,17", "22,18": "11,23", "24,22": "1,17", "43,26": "2,17", "49,5": "1,17", "88,26": "1,17", "112,21": "1,17", "29,18": "6,22", "9,24": "1,17", "72,25": "1,17", "72,5": "1,17", "91,20": "1,16", "35,16": "6,22", "2,24": "1,16", "36,24": "2,17", "51,20": "1,17", "53,8": "1,17", "59,12": "31,17", "71,17": "0,17", "67,0": "1,17", "79,25": "1,17", "120,10": "1,17", "19,22": "1,17", "56,23": "1,17", "73,3": "2,17", "90,19": "15,25", "107,24": "2,17", "12,22": "1,17", "50,19": "0,16", "55,11": "1,18", "96,23": "1,17", "75,26": "1,17", "17,24": "0,17", "58,25": "1,17", "52,0": "1,17", "93,25": "1,17", "104,18": "0,17", "109,22": "1,17", "34,21": "0,17", "53,25": "1,17", "47,5": "1,17", "98,25": "1,17", "102,22": "1,17", "122,5": "1,17", "122,15": "1,17", "7,22": "0,17", "54,26": "2,17", "53,6": "1,17", "71,19": "0,17", "105,21": "1,17", "46,3": "1,17", "94,26": "1,17", "77,23": "1,17", "18,15": "6,20", "57,14": "7,20", "106,13": "7,20", "35,18": "6,22", "36,20": "2,16", "51,24": "1,17", "100,23": "1,17", "79,21": "1,17", "120,14": "1,17", "2,20": "7,22", "46,9": "1,17", "72,21": "1,17", "72,1": "1,17", "91,24": "1,17", "106,19": "1,17", "52,16": "7,22", "9,20": "11,23", "12,26": "1,17", "66,2": "1,17", "75,22": "1,17", "78,18": "6,22", "19,26": "1,17", "73,18": "2,17", "73,7": "2,17", "107,20": "2,17", "5,23": "7,22", "0,25": "1,17", "34,25": "0,17", "53,21": "1,17", "47,1": "1,17", "73,16": "2,17", "73,9": "2,17", "98,21": "1,17", "102,26": "1,17", "122,1": "1,17", "122,11": "1,17", "17,20": "0,17", "58,21": "1,17", "52,4": "1,17", "93,21": "1,17", "109,26": "1,17", "121,23": "1,17", "78,16": "6,22", "10,23": "1,17", "38,26": "2,17", "46,7": "1,17", "94,22": "1,17", "106,17": "1,16", "52,18": "7,22", "57,10": "2,17", "7,26": "0,17", "54,22": "2,17", "59,18": "2,16", "53,2": "1,17", "105,25": "1,17", "68,2": "1,17", "86,24": "2,17", "21,20": "1,17", "46,24": "1,17", "66,13": "2,17", "117,23": "1,17", "85,16": "6,22", "26,23": "1,17", "54,9": "1,17", "61,10": "33,16", "110,20": "1,16", "60,1": "1,17", "20,19": "1,16", "48,9": "1,17", "119,1": "0,17", "28,25": "1,17", "48,7": "1,17", "84,21": "0,17", "47,13": "7,20", "23,25": "1,17", "44,21": "0,17", "54,7": "1,17", "64,16": "1,17", "115,26": "1,17", "24,26": "1,17", "43,22": "2,17", "49,1": "1,17", "63,15": "1,17", "85,18": "1,17", "88,22": "1,17", "112,25": "1,17", "27,14": "7,19", "45,18": "1,16", "48,22": "1,17", "55,1": "1,17", "83,22": "2,17", "119,25": "1,17", "17,26": "0,17", "52,2": "1,17", "109,20": "1,16", "121,25": "1,17", "34,23": "0,17", "47,7": "1,17", "73,10": "2,17", "102,20": "1,16", "122,17": "1,18", "122,7": "1,17", "76,18": "7,22", "0,23": "11,23", "54,24": "2,17", "53,4": "1,17", "105,23": "1,17", "10,25": "1,17", "46,1": "1,17", "72,9": "1,17", "94,24": "1,17", "77,21": "1,17", "103,19": "15,25", "57,16": "7,22", "18,17": "6,22", "18,19": "1,16", "9,26": "1,17", "57,18": "1,16", "52,10": "1,17", "72,7": "1,17", "91,22": "1,17", "2,26": "1,17", "36,26": "2,17", "51,22": "1,17", "71,15": "0,16", "67,2": "1,17", "100,25": "1,17", "120,12": "1,17", "59,10": "35,16", "5,25": "1,17", "19,20": "1,17", "56,21": "1,17", "47,9": "1,17", "73,1": "2,17", "107,26": "2,17", "122,19": "33,17", "122,9": "1,17", "76,16": "7,20", "96,21": "1,17", "75,24": "1,17", "12,20": "7,22", "23,23": "1,17", "54,1": "1,17", "115,20": "1,16", "25,19": "1,16", "28,23": "1,17", "48,1": "1,17", "119,9": "0,17", "47,15": "7,22", "48,24": "1,17", "55,7": "1,17", "83,24": "2,17", "119,23": "1,17", "24,20": "1,17", "43,24": "2,17", "49,7": "1,17", "63,13": "1,17", "88,24": "1,17", "112,23": "1,17", "21,26": "1,17", "46,22": "1,17", "49,9": "1,17", "66,15": "2,17", "117,25": "1,17", "55,9": "1,17", "45,10": "1,17", "86,22": "2,17", "40,18": "6,22", "61,1": "1,17", "81,21": "1,17", "119,7": "0,17", "26,25": "1,17", "41,21": "1,16", "61,16": "1,17", "69,2": "1,17", "110,26": "1,17", "47,11": "1,18", "48,5": "1,17", "84,23": "0,17", "89,19": "15,25", "44,23": "0,17", "49,19": "2,17", "54,5": "1,17", "64,14": "1,17", "115,24": "1,17", "82,19": "11,23", "24,24": "1,17", "49,3": "1,17", "63,17": "1,18", "88,20": "1,16", "43,20": "11,23", "48,20": "1,17", "60,25": "0,17", "55,3": "1,17", "83,20": "2,16", "68,0": "1,17", "86,26": "2,17", "27,18": "11,23", "21,22": "1,17", "46,26": "1,17", "117,21": "1,17", "85,14": "6,22", "66,11": "11,23", "26,21": "1,17", "41,25": "1,17", "49,17": "7,19", "61,12": "1,16", "110,22": "1,17", "60,3": "1,18", "81,25": "1,17", "119,3": "0,17", "53,23": "1,17", "47,3": "1,17", "98,23": "1,17", "102,24": "1,17", "95,19": "15,25", "122,3": "1,17", "122,13": "1,17", "11,18": "6,20", "17,22": "0,17", "55,19": "0,17", "58,23": "1,17", "50,11": "1,18", "52,6": "1,17", "93,23": "1,17", "109,24": "1,17", "121,21": "1,17", "78,14": "6,22", "10,21": "1,16", "38,24": "2,17", "46,5": "1,17", "94,20": "1,16", "77,25": "1,17", "30,16": "7,20", "106,15": "7,22", "7,24": "0,17", "54,20": "2,17", "53,0": "1,17", "120,18": "33,16", "36,22": "2,17", "51,26": "1,17", "59,14": "31,16", "71,11": "0,18", "100,21": "1,17", "79,23": "1,17", "120,16": "1,17", "2,22": "7,22", "9,22": "1,17", "72,23": "1,17", "72,3": "1,17", "91,26": "1,17", "30,18": "7,22", "12,24": "1,17", "52,8": "1,17", "55,17": "7,19", "66,0": "1,17", "75,20": "1,16", "96,25": "1,17", "19,24": "1,17", "56,25": "1,17", "73,5": "2,17", "107,22": "2,17", "5,21": "7,20", "3,26": "1,17", "37,26": "0,17", "50,22": "0,17", "101,25": "1,17", "121,12": "1,17", "12,19": "7,22", "58,10": "36,16", "19,19": "1,16", "8,26": "1,17", "56,18": "1,16", "53,10": "1,17", "90,22": "1,17", "122,20": "1,16", "74,24": "0,17", "97,21": "1,17", "105,14": "6,22", "4,25": "1,17", "30,25": "2,17", "18,20": "1,17", "57,21": "1,17", "63,1": "1,17", "106,26": "1,17", "57,9": "2,17", "35,23": "1,17", "72,10": "1,17", "103,20": "2,16", "1,23": "6,22", "57,7": "2,17", "71,22": "0,17", "108,20": "0,16", "120,25": "1,17", "51,15": "6,20", "11,25": "1,17", "56,1": "1,17", "95,24": "1,17", "76,21": "1,17", "102,19": "15,25", "56,16": "6,22", "19,17": "7,22", "55,24": "0,17", "104,23": "0,17", "44,10": "0,17", "45,9": "1,17", "71,1": "0,17", "87,22": "0,17", "120,9": "1,17", "41,18": "7,22", "23,14": "6,22", "20,26": "1,17", "28,14": "7,19", "47,22": "1,17", "116,25": "1,17", "27,25": "1,17", "40,21": "1,16", "60,16": "0,17", "119,14": "0,17", "111,26": "1,17", "65,2": "1,17", "80,21": "1,17", "24,17": "7,22", "24,19": "1,16", "29,23": "1,17", "51,4": "1,17", "46,15": "6,22", "58,1": "0,17", "22,23": "1,17", "44,1": "0,17", "114,20": "1,16", "121,1": "1,17", "86,15": "7,22", "25,20": "1,17", "42,24": "1,17", "50,2": "1,17", "62,13": "1,17", "89,24": "1,17", "113,23": "1,17", "49,24": "2,17", "45,7": "1,17", "82,24": "1,17", "120,7": "1,17", "118,23": "1,17", "20,22": "1,17", "47,26": "1,17", "50,8": "1,17", "64,0": "1,17", "116,21": "1,17", "71,5": "0,17", "87,26": "0,17", "80,25": "1,17", "24,13": "7,20", "27,21": "1,17", "40,25": "1,17", "60,12": "0,16", "70,3": "2,18", "119,10": "0,17", "111,22": "1,17", "45,23": "1,17", "48,19": "1,17", "44,5": "0,17", "65,14": "1,17", "121,5": "1,17", "114,24": "1,17", "83,19": "11,23", "46,11": "1,18", "51,0": "1,17", "85,23": "1,17", "88,19": "15,25", "49,20": "2,17", "61,25": "2,17", "45,3": "1,17", "82,20": "1,16", "120,3": "1,17", "25,24": "1,17", "50,6": "1,17", "62,17": "1,18", "89,20": "1,16", "59,3": "1,18", "8,22": "1,17", "73,23": "2,17", "62,3": "1,18", "90,26": "1,17", "122,24": "1,17", "50,26": "0,17", "58,14": "30,16", "101,21": "1,17", "78,23": "1,17", "121,16": "1,17", "75,19": "6,22", "30,21": "2,17", "18,24": "1,17", "57,25": "1,17", "106,22": "1,17", "4,21": "6,20", "13,24": "2,17", "74,20": "0,16", "97,25": "1,17", "54,19": "2,16", "59,23": "2,17", "51,11": "1,18", "71,26": "0,17", "92,23": "1,17", "108,24": "0,17", "120,21": "1,17", "36,15": "7,20", "79,14": "7,22", "52,23": "1,17", "103,24": "2,17", "99,23": "1,17", "94,19": "15,25", "57,3": "2,17", "6,24": "2,16", "55,20": "0,17", "121,18": "33,16", "75,17": "6,22", "11,21": "1,16", "39,24": "0,17", "56,5": "1,17", "95,20": "1,16", "76,25": "1,17", "29,21": "1,17", "51,6": "1,17", "85,25": "1,17", "46,17": "6,22", "58,3": "0,18", "22,21": "1,17", "45,25": "1,17", "44,3": "0,17", "65,12": "1,16", "86,17": "2,16", "119,18": "32,16", "121,3": "1,17", "114,22": "1,17", "25,22": "1,17", "42,26": "1,17", "50,0": "1,17", "89,26": "1,17", "113,21": "1,17", "28,18": "11,23", "62,11": "32,17", "49,26": "2,17", "45,5": "1,17", "82,26": "1,17", "120,5": "1,17", "118,21": "1,17", "23,18": "6,22", "61,23": "11,23", "71,3": "0,17", "87,20": "0,16", "23,16": "6,22", "20,24": "1,17", "47,20": "1,17", "40,23": "1,17", "48,11": "1,18", "60,14": "0,17", "86,19": "2,17", "119,16": "0,17", "111,24": "1,17", "46,19": "1,17", "51,8": "1,17", "65,0": "1,17", "80,23": "1,17", "24,15": "7,22", "35,21": "1,17", "52,25": "1,17", "103,22": "2,17", "99,25": "1,17", "1,21": "6,22", "57,5": "2,17", "59,25": "2,17", "71,20": "0,17", "92,25": "1,17", "108,22": "0,17", "105,18": "1,17", "51,17": "6,22", "39,22": "0,17", "56,3": "1,17", "95,26": "1,17", "76,23": "1,17", "19,15": "7,20", "56,14": "6,20", "55,26": "0,17", "104,21": "0,17", "3,24": "1,16", "37,24": "0,17", "50,20": "0,17", "58,12": "30,17", "78,25": "1,17", "121,10": "1,17", "8,24": "1,17", "73,25": "2,17", "90,20": "1,16", "122,22": "1,17", "13,22": "2,17", "51,19": "1,16", "54,11": "1,18", "74,26": "0,17", "97,23": "1,17", "105,16": "6,22", "18,22": "1,17", "57,23": "1,17", "63,3": "1,18", "91,19": "15,25", "106,24": "1,17", "59,21": "2,17", "71,24": "0,17", "92,21": "1,17", "108,26": "0,17", "120,23": "1,17", "79,16": "7,22", "36,17": "7,22", "1,25": "1,17", "35,25": "1,17", "52,21": "1,17", "72,16": "1,17", "103,26": "2,17", "99,21": "1,17", "57,1": "2,17", "6,26": "2,17", "17,19": "0,16", "55,22": "0,17", "58,18": "1,16", "104,25": "0,17", "11,23": "1,17", "39,26": "0,17", "56,7": "1,17", "56,10": "1,17", "95,22": "1,17", "107,17": "2,16", "53,18": "11,23", "56,9": "1,17", "73,21": "2,17", "62,1": "1,17", "90,24": "1,17", "107,19": "2,17", "122,26": "1,17", "8,20": "11,23", "50,24": "0,17", "101,23": "1,17", "78,21": "1,17", "121,14": "1,17", "30,23": "2,17", "18,26": "1,17", "72,18": "1,17", "106,20": "1,17", "4,23": "6,22", "13,26": "2,17", "74,22": "0,17", "2,19": "7,20", "79,18": "7,22", "36,19": "7,22", "22,25": "1,17", "45,21": "1,17", "44,7": "0,17", "65,16": "1,17", "121,7": "1,17", "114,26": "1,17", "86,13": "7,22", "29,25": "1,17", "51,2": "1,17", "85,21": "1,17", "46,13": "6,20", "26,14": "7,19", "44,18": "0,16", "49,22": "2,17", "45,1": "1,17", "71,9": "0,17", "82,22": "1,17", "120,1": "1,17", "118,25": "1,17", "25,26": "1,17", "42,22": "1,17", "50,4": "1,17", "62,15": "1,17", "84,18": "0,17", "89,22": "1,17", "113,25": "1,17", "59,1": "1,17", "20,20": "1,17", "47,24": "1,17", "64,2": "1,17", "116,23": "1,17", "84,16": "11,23", "71,7": "0,17", "87,24": "0,17", "21,19": "1,16", "27,23": "1,17", "44,9": "0,17", "70,1": "2,17", "111,20": "1,16", "119,12": "0,17", "121,9": "1,17", "60,10": "33,16" }, "SNOW": 0.000000 }, "MAZE": { "MUSIC": "CHOCO", "OBJECTS": { "52,19": "COIN", "46,6": "COIN", "14,13": "BRICK", "53,20": "COIN", "17,21": "BLUE BRICK", "37,16": "COIN", "50,12": "BLUE BRICK", "58,20": "COIN", "6,10": "COIN", "37,18": "COIN", "9,21": "BRICK", "46,8": "COIN", "48,6": "COIN", "30,6": "COIN", "30,8": "COIN", "48,8": "COIN", "10,3": "COIN", "22,19": "BLUE BRICK", "40,15": "COIN", "55,4": "GOOMBA", "25,7": "COIN", "41,22": "QUESTION BLOCK", "29,17": "BRICK", "45,13": "BLUE BRICK", "33,23": "BLUE BRICK", "4,11": "COIN", "35,19": "COIN", "50,16": "BLUE BRICK", "8,12": "COIN", "34,20": "COIN", "11,11": "COIN", "39,14": "COIN", "37,9": "BRICK", "53,9": "BLUE BRICK", "42,16": "BLUE BRICK", "38,9": "BRICK", "10,1": "COIN", "24,7": "COIN", "6,12": "COIN", "39,12": "GOOMBA", "22,4": "DINO TORCH", "30,17": "BRICK", "46,4": "DINO TORCH", "37,14": "COIN", "55,18": "COIN", "23,8": "COIN", "39,16": "COIN", "56,20": "COIN", "47,8": "COIN", "55,12": "DINO TORCH", "35,15": "COIN", "57,19": "COIN", "38,21": "BRICK", "8,10": "COIN", "23,6": "COIN", "39,18": "COIN", "47,6": "COIN", "41,20": "COIN", "49,8": "COIN", "22,15": "BLUE BRICK", "31,8": "COIN", "40,19": "COIN", "27,13": "BRICK", "31,6": "COIN", "49,6": "COIN", "28,7": "COIN", "6,5": "BRICK", "5,17": "BRICK", "9,3": "COIN", "42,7": "BLUE BRICK", "26,7": "COIN", "36,14": "COIN", "54,18": "COIN", "7,12": "COIN", "33,12": "BLUE BRICK", "39,21": "BRICK", "9,10": "COIN", "38,18": "COIN", "38,16": "COIN", "57,20": "COIN", "12,18": "BLUE BRICK", "50,23": "GRAY HAMMER BLOCK", "34,15": "COIN", "56,19": "COIN", "26,13": "BRICK", "45,6": "COIN", "22,22": "BLUE BRICK", "29,5": "BRICK", "40,20": "COIN", "41,19": "COIN", "45,8": "COIN", "7,10": "COIN", "36,18": "COIN", "8,21": "BRICK", "32,8": "COIN", "58,19": "COIN", "32,6": "COIN", "53,19": "COIN", "9,1": "COIN", "16,21": "BLUE BRICK", "36,16": "COIN", "15,13": "BRICK", "9,16": "GOOMBA", "52,20": "COIN", "44,8": "COIN", "28,5": "BRICK", "44,6": "COIN", "29,24": "GOOMBA", "7,5": "BRICK", "41,15": "COIN", "22,20": "BLUE BRICK", "29,7": "COIN", "12,7": "BLUE BRICK", "51,18": "COIN", "10,11": "COIN", "38,14": "COIN", "17,12": "DINO TORCH", "5,11": "COIN", "34,19": "COIN", "27,7": "COIN", "43,7": "COIN", "9,12": "COIN", "35,20": "COIN", "25,8": "COIN", "25,6": "COIN", "47,17": "BLUE BRICK", "40,14": "COIN", "35,16": "COIN", "51,20": "COIN", "11,10": "COIN", "39,15": "COIN", "8,13": "BRICK", "4,10": "COIN", "35,18": "COIN", "36,20": "COIN", "6,11": "COIN", "37,19": "COIN", "17,9": "BRICK", "52,18": "COIN", "46,7": "COIN", "10,2": "COIN", "46,24": "GOOMBA", "54,9": "BLUE BRICK", "42,15": "BLUE BRICK", "48,7": "COIN", "30,7": "COIN", "44,21": "ON OFF PLATFORM", "50,15": "BLUE BRICK", "8,11": "COIN", "23,7": "COIN", "39,19": "COIN", "47,7": "COIN", "4,12": "COIN", "38,20": "COIN", "35,14": "COIN", "57,18": "COIN", "19,20": "GOOMBA", "11,12": "COIN", "6,17": "BRICK", "18,9": "BRICK", "31,7": "COIN", "40,16": "COIN", "49,7": "COIN", "22,14": "BLUE BRICK", "40,18": "COIN", "11,2": "COIN", "24,6": "COIN", "48,20": "DINO TORCH", "24,8": "COIN", "5,2": "COIN", "37,15": "COIN", "50,11": "BLUE BRICK", "55,19": "COIN", "33,24": "BLUE BRICK", "54,20": "COIN", "55,17": "BLUE BRICK", "12,19": "BLUE BRICK", "34,14": "COIN", "56,18": "COIN", "10,12": "COIN", "9,11": "COIN", "38,19": "COIN", "5,12": "COIN", "39,20": "COIN", "56,16": "GOOMBA", "7,8": "GOOMBA", "41,18": "COIN", "22,23": "BLUE BRICK", "41,16": "COIN", "45,7": "COIN", "28,8": "COIN", "7,2": "COIN", "28,6": "COIN", "34,6": "ON OFF BLOCK", "18,24": "DINO TORCH", "26,8": "COIN", "54,17": "BLUE BRICK", "9,2": "COIN", "42,6": "BLUE BRICK", "26,6": "COIN", "36,15": "COIN", "54,19": "COIN", "55,20": "COIN", "31,16": "GOOMBA", "56,5": "BLUE BRICK", "46,17": "BLUE BRICK", "6,2": "COIN", "29,6": "COIN", "41,14": "COIN", "28,16": "GOOMBA", "29,8": "COIN", "9,13": "BRICK", "57,5": "BLUE BRICK", "9,4": "COIN", "5,10": "COIN", "34,18": "COIN", "8,2": "COIN", "27,6": "COIN", "43,6": "COIN", "27,8": "COIN", "43,8": "COIN", "34,16": "COIN", "12,6": "BLUE BRICK", "51,19": "COIN", "10,10": "COIN", "38,15": "COIN", "9,0": "COIN", "58,18": "COIN", "32,7": "COIN", "53,18": "COIN", "53,16": "GOOMBA", "37,20": "COIN", "50,24": "GRAY HAMMER BLOCK", "7,11": "COIN", "33,11": "BLUE BRICK", "36,19": "COIN", "44,7": "COIN", "45,21": "ON OFF PLATFORM", "46,13": "BLUE BRICK", "34,4": "GOOMBA" }, "CLASSIC_SCROLL": 0.000000, "DAREDEVIL": 0.000000, "TILES_BG": { }, "WIDTH": 63.000000, "MODIFIERS": { "41,22": "HAMMER SUIT", "62,24": "TEXT:START,CAVE", "1,23": "DESTINATION:START" }, "HEIGHT": 27.000000, "BACKGROUND": "DESERT", "MARKERS": { "62,24": "WARP MARKER", "59,23": "WARP LEFT" }, "KEEP_POWERUP": 1.000000, "RAIN": 0.000000, "TILES": { "22,6": "4,29", "59,19": "0,17", "0,24": "33,17", "3,16": "2,17", "36,5": "5,29", "52,5": "5,29", "3,18": "2,17", "56,26": "1,17", "2,21": "1,17", "36,21": "5,29", "51,25": "1,16", "59,17": "0,17", "1,13": "1,17", "4,9": "5,29", "22,8": "4,29", "35,13": "5,29", "52,17": "5,29", "2,4": "1,17", "24,5": "5,29", "40,5": "5,29", "61,8": "1,17", "60,26": "1,17", "38,5": "5,29", "3,2": "2,17", "23,24": "5,30", "60,0": "1,17", "61,11": "1,17", "41,26": "1,17", "11,5": "5,29", "42,14": "4,29", "62,23": "33,16", "22,13": "3,29", "61,6": "1,17", "45,17": "5,29", "21,21": "5,29", "46,25": "1,16", "29,13": "5,29", "60,22": "1,18", "2,0": "1,17", "10,9": "5,29", "3,6": "2,17", "3,8": "2,17", "25,9": "5,29", "42,10": "4,29", "41,9": "5,29", "60,4": "1,17", "61,15": "1,17", "26,26": "1,17", "39,9": "5,29", "46,21": "5,29", "21,25": "1,16", "22,17": "3,29", "61,2": "1,17", "1,19": "1,17", "10,26": "1,17", "3,12": "2,17", "17,25": "1,16", "0,20": "1,17", "5,5": "5,29", "14,17": "5,29", "53,24": "11,23", "31,26": "1,17", "5,26": "1,17", "12,23": "4,29", "50,18": "4,29", "1,17": "1,17", "9,25": "1,16", "35,17": "5,29", "52,13": "5,29", "2,25": "1,16", "51,21": "5,29", "36,25": "1,16", "59,13": "0,17", "60,2": "1,17", "61,13": "1,17", "41,24": "3,30", "62,21": "1,17", "61,4": "1,17", "22,11": "4,29", "2,8": "1,17", "24,9": "5,29", "40,9": "5,29", "2,6": "1,17", "43,21": "5,29", "24,25": "1,16", "48,21": "5,29", "27,17": "5,29", "40,13": "5,29", "60,24": "33,17", "3,0": "2,17", "28,26": "1,17", "11,9": "5,29", "42,18": "4,29", "23,26": "1,17", "12,25": "1,16", "36,9": "5,29", "52,9": "5,29", "19,25": "1,16", "11,17": "5,29", "2,23": "33,16", "59,15": "0,17", "1,11": "1,17", "15,26": "1,17", "38,25": "1,16", "4,17": "5,29", "4,5": "5,29", "57,13": "5,29", "7,25": "1,16", "54,21": "5,29", "33,25": "1,16", "34,26": "1,17", "0,26": "1,17", "3,14": "2,17", "50,10": "4,29", "19,21": "5,29", "11,13": "5,29", "5,9": "5,29", "31,24": "11,23", "12,21": "3,29", "1,15": "1,17", "59,11": "0,17", "7,21": "5,29", "33,21": "3,29", "54,25": "1,16", "37,5": "5,29", "53,5": "5,29", "4,13": "5,29", "30,13": "5,29", "57,17": "5,29", "3,10": "2,17", "58,26": "1,17", "50,14": "4,29", "0,22": "1,18", "53,26": "1,17", "62,25": "1,16", "42,12": "4,29", "60,6": "1,17", "61,17": "1,17", "10,5": "5,29", "61,0": "1,17", "48,25": "1,16", "60,20": "1,17", "40,17": "5,29", "2,2": "1,17", "24,21": "5,29", "43,25": "1,16", "60,8": "1,17", "61,19": "1,17", "44,26": "1,17", "39,5": "5,29", "3,4": "2,17", "25,5": "5,29", "41,5": "5,29", "49,21": "5,29", "26,17": "5,29", "41,13": "5,29", "61,24": "33,17", "42,21": "3,29", "25,25": "1,16", "59,2": "0,17", "62,16": "1,17", "50,7": "4,29", "22,26": "1,17", "29,26": "1,17", "60,13": "1,17", "50,9": "3,29", "62,18": "1,17", "34,9": "5,29", "28,9": "5,29", "6,25": "1,16", "1,0": "1,17", "55,21": "5,29", "32,25": "1,16", "8,5": "5,29", "12,12": "4,29", "13,9": "5,29", "39,25": "1,16", "31,17": "5,29", "56,13": "5,29", "2,14": "1,17", "0,6": "1,17", "59,22": "0,18", "35,26": "1,17", "1,26": "1,17", "18,25": "1,16", "10,17": "5,29", "0,8": "1,17", "42,9": "3,29", "13,25": "1,16", "26,9": "5,29", "0,11": "1,17", "62,2": "1,17", "14,26": "1,17", "3,23": "32,16", "62,8": "1,17", "11,24": "3,30", "5,13": "5,29", "31,13": "5,29", "56,17": "5,29", "1,4": "1,17", "6,21": "5,29", "32,21": "5,29", "55,25": "1,16", "12,16": "4,29", "27,5": "5,29", "43,5": "5,29", "1,22": "1,18", "52,26": "1,17", "33,6": "4,29", "2,10": "1,17", "0,2": "1,17", "59,26": "1,17", "33,18": "4,29", "13,21": "5,29", "12,5": "3,29", "9,9": "5,29", "33,16": "4,29", "18,21": "5,29", "10,13": "5,29", "33,8": "4,29", "30,24": "11,23", "0,15": "1,17", "62,6": "1,17", "25,21": "5,29", "42,25": "1,16", "59,6": "0,17", "62,12": "1,17", "49,25": "1,16", "61,20": "1,17", "41,17": "5,29", "35,5": "5,29", "51,5": "5,29", "60,19": "1,17", "45,26": "1,17", "60,17": "1,17", "7,9": "5,29", "59,8": "0,17", "57,26": "1,17", "2,18": "1,17", "33,10": "4,29", "0,13": "1,17", "62,0": "1,17", "34,13": "5,29", "53,17": "5,29", "14,24": "11,23", "3,21": "2,17", "37,21": "5,29", "50,25": "1,16", "8,9": "5,29", "13,5": "5,29", "58,17": "5,29", "1,2": "1,17", "12,10": "4,29", "2,16": "1,17", "0,4": "1,17", "42,5": "3,29", "59,20": "0,17", "26,5": "5,29", "1,24": "33,17", "60,11": "1,17", "40,26": "1,17", "6,9": "5,29", "20,21": "5,29", "47,25": "1,16", "28,13": "5,29", "23,13": "5,29", "44,17": "5,29", "61,26": "1,17", "50,5": "3,29", "59,0": "0,17", "62,14": "1,17", "42,23": "4,29", "34,5": "5,29", "22,24": "4,30", "60,15": "1,17", "27,26": "1,17", "29,9": "5,29", "35,9": "5,29", "51,9": "5,29", "23,17": "5,29", "44,13": "5,29", "47,21": "5,29", "20,25": "1,16", "28,17": "5,29", "59,4": "0,17", "62,10": "1,17", "61,22": "1,18", "33,14": "4,29", "30,26": "1,17", "4,26": "1,17", "3,25": "1,16", "1,8": "1,17", "50,21": "3,29", "37,25": "1,16", "27,9": "5,29", "43,9": "5,29", "58,13": "5,29", "8,25": "1,16", "0,17": "1,17", "62,4": "1,17", "34,17": "5,29", "53,13": "5,29", "0,19": "1,17", "11,26": "1,17", "1,6": "1,17", "12,14": "4,29", "1,20": "1,17", "15,17": "5,29", "2,12": "1,17", "0,0": "1,17", "12,9": "3,29", "16,25": "1,16", "9,5": "5,29", "59,24": "32,17", "21,24": "3,30", "61,3": "1,17", "22,16": "4,29", "3,9": "2,17", "62,26": "1,17", "18,5": "5,29", "42,11": "4,29", "60,5": "1,17", "61,14": "1,17", "23,21": "5,29", "44,25": "1,16", "3,7": "2,17", "28,21": "5,29", "20,13": "5,29", "48,26": "1,17", "22,18": "4,29", "31,5": "5,29", "55,5": "5,29", "60,23": "33,16", "2,1": "1,17", "43,26": "1,17", "49,5": "5,29", "1,16": "1,17", "15,21": "5,29", "16,5": "5,29", "9,24": "11,23", "2,24": "33,17", "59,12": "0,17", "16,13": "5,29", "12,22": "4,29", "50,19": "4,29", "3,13": "2,17", "50,17": "3,29", "58,25": "1,16", "37,13": "5,29", "0,21": "1,17", "34,21": "5,29", "53,25": "1,16", "23,5": "5,29", "47,5": "5,29", "54,26": "1,17", "33,22": "4,29", "1,18": "1,17", "2,20": "1,17", "59,16": "0,17", "16,17": "5,29", "1,12": "1,17", "22,9": "3,29", "15,25": "1,16", "46,9": "5,29", "3,19": "2,17", "12,26": "1,17", "19,26": "1,17", "0,25": "1,16", "53,21": "5,29", "34,25": "1,16", "8,17": "5,29", "3,17": "2,17", "58,21": "5,29", "50,13": "3,29", "37,17": "5,29", "38,26": "1,17", "22,7": "4,29", "59,18": "0,17", "33,26": "1,17", "7,26": "1,17", "61,7": "1,17", "22,12": "4,29", "60,1": "1,17", "61,10": "1,17", "30,9": "5,29", "62,22": "1,18", "48,9": "5,29", "3,3": "2,17", "28,25": "1,16", "20,17": "5,29", "47,13": "5,29", "23,25": "1,16", "2,5": "1,17", "24,26": "1,17", "19,9": "5,29", "61,9": "1,17", "3,11": "2,17", "17,26": "1,17", "0,23": "33,16", "13,17": "5,29", "33,20": "4,29", "54,24": "11,23", "10,25": "1,16", "18,17": "5,29", "16,9": "5,29", "1,14": "1,17", "9,26": "1,17", "59,10": "0,17", "36,26": "1,17", "2,26": "1,17", "5,25": "1,16", "56,21": "5,29", "31,25": "1,16", "23,9": "5,29", "39,17": "5,29", "47,9": "5,29", "12,20": "4,29", "32,17": "5,29", "55,13": "5,29", "60,9": "1,17", "61,18": "1,17", "3,5": "2,17", "60,21": "1,17", "2,3": "1,17", "43,24": "5,30", "21,26": "1,17", "49,9": "5,29", "61,1": "1,17", "31,9": "5,29", "55,9": "5,29", "42,13": "3,29", "25,17": "5,29", "62,24": "33,17", "41,21": "5,29", "26,25": "1,16", "60,7": "1,17", "61,16": "1,17", "49,13": "5,29", "3,1": "2,17", "42,19": "4,29", "48,5": "5,29", "30,5": "5,29", "54,5": "5,29", "2,7": "1,17", "24,24": "11,23", "60,25": "1,16", "61,5": "1,17", "22,10": "4,29", "2,9": "1,17", "46,26": "1,17", "19,5": "5,29", "26,21": "5,29", "41,25": "1,16", "60,3": "1,17", "61,12": "1,17", "49,17": "5,29", "42,17": "3,29", "62,20": "1,17", "25,13": "5,29", "3,15": "2,17", "10,21": "5,29", "22,5": "3,29", "18,13": "5,29", "46,5": "5,29", "38,24": "11,23", "13,13": "5,29", "7,24": "11,23", "2,22": "1,18", "59,14": "0,17", "51,26": "1,17", "1,10": "1,17", "12,24": "4,30", "6,13": "5,29", "32,13": "5,29", "5,21": "5,29", "31,21": "5,29", "56,25": "1,16", "17,5": "5,29", "39,13": "5,29", "37,26": "1,17", "3,26": "1,17", "50,22": "4,29", "0,14": "1,17", "62,7": "1,17", "8,26": "1,17", "33,17": "3,29", "7,17": "5,29", "54,13": "5,29", "4,25": "1,16", "57,21": "5,29", "33,9": "3,29", "30,25": "1,16", "38,17": "5,29", "57,9": "5,29", "1,23": "33,16", "33,7": "4,29", "2,11": "1,17", "0,3": "1,17", "16,26": "1,17", "33,19": "4,29", "11,25": "1,16", "62,9": "1,17", "19,17": "5,29", "1,5": "1,17", "12,17": "3,29", "21,9": "5,29", "45,9": "5,29", "59,9": "0,17", "20,26": "1,17", "40,21": "5,29", "27,25": "1,16", "60,16": "1,17", "48,13": "5,29", "24,17": "5,29", "43,13": "5,29", "60,18": "1,17", "14,9": "5,29", "59,7": "0,17", "62,13": "1,17", "42,24": "4,30", "61,21": "1,17", "62,19": "1,17", "47,26": "1,17", "50,8": "4,29", "15,5": "5,29", "24,13": "5,29", "43,17": "5,29", "27,21": "5,29", "40,25": "1,16", "60,12": "1,17", "48,17": "5,29", "20,5": "5,29", "44,5": "5,29", "58,5": "5,29", "61,25": "1,16", "59,3": "0,17", "62,17": "1,17", "42,20": "4,29", "50,6": "4,29", "0,10": "1,17", "62,3": "1,17", "3,22": "2,18", "50,26": "1,17", "4,21": "5,29", "30,21": "5,29", "57,25": "1,16", "38,13": "5,29", "0,9": "1,17", "33,13": "3,29", "13,24": "5,30", "7,13": "5,29", "42,8": "4,29", "2,15": "1,17", "0,7": "1,17", "59,23": "32,16", "1,1": "1,17", "12,13": "3,29", "11,21": "5,29", "19,13": "5,29", "32,5": "5,29", "39,24": "11,23", "29,21": "5,29", "21,13": "5,29", "22,21": "3,29", "45,25": "1,16", "59,5": "0,17", "62,11": "1,17", "42,26": "1,17", "49,26": "1,17", "21,5": "5,29", "45,5": "5,29", "61,23": "33,16", "20,24": "11,23", "60,14": "1,17", "14,5": "5,29", "1,21": "1,17", "35,21": "5,29", "33,5": "3,29", "52,25": "1,16", "2,13": "1,17", "0,1": "1,17", "59,25": "1,16", "12,8": "4,29", "36,13": "5,29", "51,17": "5,29", "0,18": "1,17", "1,7": "1,17", "55,26": "1,17", "12,15": "4,29", "1,9": "1,17", "3,24": "32,17", "17,13": "5,29", "50,20": "4,29", "37,24": "11,23", "0,16": "1,17", "14,21": "5,29", "62,5": "1,17", "8,24": "11,23", "33,15": "4,29", "2,17": "1,17", "0,5": "1,17", "59,21": "0,17", "36,17": "5,29", "51,13": "5,29", "1,25": "1,16", "52,21": "5,29", "35,25": "1,16", "9,17": "5,29", "1,3": "1,17", "32,26": "1,17", "6,26": "1,17", "12,11": "4,29", "39,26": "1,17", "0,12": "1,17", "14,25": "1,16", "62,1": "1,17", "32,9": "5,29", "56,9": "5,29", "3,20": "2,17", "17,17": "5,29", "18,26": "1,17", "2,19": "1,17", "13,26": "1,17", "22,25": "1,16", "29,25": "1,16", "21,17": "5,29", "15,9": "5,29", "59,1": "0,17", "62,15": "1,17", "25,26": "1,17", "42,22": "4,29", "47,24": "11,23", "58,9": "5,29", "60,10": "1,17", "20,9": "5,29", "44,9": "5,29" }, "SNOW": 0.000000 }, "END": { "MUSIC": "CHOCO", "OBJECTS": { "7,14": "FLAGPOLE", "7,24": "BUMP BLOCK", "16,24": "END CASTLE" }, "CLASSIC_SCROLL": 0.000000, "DAREDEVIL": 0.000000, "TILES_BG": { "12,24": "11,23", "19,24": "11,23" }, "WIDTH": 24.000000, "MODIFIERS": { "2,23": "DESTINATION:START" }, "HEIGHT": 27.000000, "BACKGROUND": "DESERT", "MARKERS": { "4,23": "UP" }, "KEEP_POWERUP": 0.000000, "RAIN": 0.000000, "TILES": { "10,22": "7,22", "5,22": "7,22", "9,21": "6,20", "23,24": "7,22", "21,25": "1,16", "10,26": "1,17", "17,25": "1,16", "5,26": "1,17", "19,23": "6,22", "12,23": "7,22", "9,25": "1,16", "2,25": "1,16", "23,26": "1,17", "12,25": "1,16", "19,25": "1,16", "5,20": "7,20", "2,23": "30,17", "15,26": "1,17", "9,23": "6,22", "7,25": "1,16", "0,26": "1,17", "11,19": "6,22", "19,21": "6,22", "5,24": "7,22", "12,21": "7,22", "10,24": "7,22", "23,22": "7,20", "22,26": "1,17", "20,23": "7,22", "6,25": "1,16", "11,20": "6,22", "1,26": "1,17", "18,25": "1,16", "4,20": "6,20", "13,25": "1,16", "14,26": "1,17", "3,23": "31,17", "11,24": "6,22", "4,24": "6,22", "12,18": "7,20", "22,22": "6,20", "4,22": "6,22", "11,22": "6,22", "1,24": "11,23", "20,21": "7,22", "22,24": "6,22", "20,25": "1,16", "4,26": "1,17", "3,25": "1,16", "8,25": "1,16", "11,26": "1,17", "16,25": "1,16", "21,24": "11,23", "9,24": "6,22", "2,24": "30,17", "19,22": "6,22", "12,22": "7,22", "15,25": "1,16", "12,26": "1,17", "19,26": "1,17", "5,23": "7,22", "0,25": "1,16", "10,23": "7,22", "7,26": "1,17", "23,25": "1,16", "17,26": "1,17", "10,25": "1,16", "9,26": "1,17", "2,26": "1,17", "5,25": "1,16", "19,20": "6,20", "12,20": "7,22", "23,23": "7,22", "21,26": "1,17", "11,18": "6,20", "10,21": "7,20", "2,22": "30,16", "9,22": "6,22", "12,24": "7,22", "19,24": "6,22", "5,21": "7,22", "3,26": "1,17", "12,19": "7,22", "8,26": "1,17", "4,25": "1,16", "16,26": "1,17", "11,25": "1,16", "20,26": "1,17", "22,23": "6,22", "20,22": "7,22", "3,22": "31,16", "4,21": "6,22", "13,24": "11,23", "11,21": "6,22", "20,24": "7,22", "3,24": "31,17", "8,24": "11,23", "1,25": "1,16", "6,26": "1,17", "11,23": "6,22", "14,25": "1,16", "18,26": "1,17", "4,23": "6,22", "13,26": "1,17", "22,25": "1,16", "20,20": "7,20" }, "SNOW": 0.000000 } }