{ "MAIN": { "MUSIC": "WINE", "OBJECTS": { "99,19": "ICE COIN", "73,17": "ICE COIN", "8,18": "QUESTION BLOCK", "73,19": "ICE COIN", "72,20": "ICE COIN", "95,3": "GOOMBA", "67,21": "ICE COIN", "42,10": "COIN", "70,21": "ICE COIN", "69,21": "ICE COIN", "101,19": "ICE COIN", "72,22": "ICE MUNCHER", "97,13": "COIN", "95,12": "COIN", "6,18": "BRICK", "31,6": "COIN", "60,20": "GOOMBA", "80,17": "DONUT", "20,10": "GOOMBA", "68,21": "ICE COIN", "26,19": "FLURRY", "96,13": "COIN", "100,19": "ICE COIN", "73,22": "ICE MUNCHER", "102,18": "ICE COIN", "33,6": "COIN", "7,18": "BRICK", "36,10": "GOOMBA", "94,12": "COIN", "96,19": "GOOMBA", "81,17": "DONUT", "9,18": "BRICK", "72,19": "ICE COIN", "73,20": "ICE COIN", "75,14": "COIN", "32,6": "COIN", "97,3": "GOOMBA", "98,19": "ICE COIN", "79,17": "DONUT", "126,18": "HIDDEN BLOCK", "23,13": "GOOMBA", "64,20": "GOOMBA", "34,5": "COIN", "21,16": "GOOMBA", "99,3": "GOOMBA", "43,10": "COIN", "66,21": "ICE COIN", "102,14": "MUNCHER 2", "71,21": "ICE COIN", "31,5": "COIN", "76,14": "COIN", "103,6": "PURPLE HOOPSTER", "70,20": "ICE COIN", "71,19": "ICE COIN", "106,13": "PURPLE HOOPSTER", "2,20": "MARIO", "72,21": "ICE COIN", "17,7": "MULTICOIN BLOCK", "73,18": "ICE COIN", "78,16": "GOOMBA", "101,14": "MUNCHER 2", "99,18": "ICE COIN", "19,7": "BRICK", "69,22": "ICE MUNCHER", "70,22": "ICE MUNCHER", "16,7": "BRICK", "95,13": "COIN", "67,22": "ICE MUNCHER", "18,7": "BRICK", "87,11": "FLURRY", "62,20": "GOOMBA", "90,11": "FLURRY", "97,12": "COIN", "101,18": "ICE COIN", "86,8": "HIDDEN NOTE BLOCK", "94,13": "COIN", "71,22": "ICE MUNCHER", "102,19": "ICE COIN", "66,22": "ICE MUNCHER", "116,21": "GOOMBA", "34,6": "COIN", "100,18": "ICE COIN", "120,21": "GOOMBA", "94,19": "GOOMBA", "96,12": "COIN", "32,5": "COIN", "66,20": "GOOMBA", "118,21": "GOOMBA", "33,5": "COIN", "71,20": "ICE COIN", "93,12": "HIDDEN BLOCK", "77,14": "COIN", "98,18": "ICE COIN", "73,21": "ICE COIN", "72,18": "ICE COIN", "41,10": "COIN", "21,19": "FLURRY", "68,22": "ICE MUNCHER" }, "CLASSIC_SCROLL": 0.000000, "DAREDEVIL": 0.000000, "TILES_BG": { "19,14": "21,5" }, "WIDTH": 127.000000, "MODIFIERS": { "8,18": "FIRE FLOWER", "126,18": "1UP", "122,22": "TEXT:START,MIDDLE" }, "HEIGHT": 25.000000, "BACKGROUND": "SNOW", "MARKERS": { "49,11": "WARP TOP", "122,19": "WARP TOP", "122,22": "WARP MARKER" }, "KEEP_POWERUP": 0.000000, "RAIN": 0.000000, "TILES": { "10,22": "20,1", "30,15": "21,5", "94,23": "21,5", "18,10": "36,27", "16,18": "21,5", "53,3": "21,5", "54,23": "20,0", "92,6": "21,5", "105,24": "21,5", "34,24": "21,5", "0,24": "21,5", "98,20": "21,4", "90,12": "27,6", "53,20": "44,24", "37,16": "22,5", "17,21": "21,5", "50,12": "27,17", "52,5": "21,5", "78,17": "22,4", "93,20": "21,4", "101,15": "21,4", "121,22": "21,4", "32,10": "23,1", "37,18": "22,5", "78,19": "22,5", "75,23": "21,5", "103,3": "43,26", "124,24": "21,5", "5,22": "21,4", "31,22": "21,5", "107,21": "21,5", "16,16": "21,2", "36,21": "21,5", "100,22": "21,5", "2,21": "44,25", "35,13": "21,5", "15,24": "21,5", "99,17": "21,6", "43,23": "22,2", "88,23": "21,5", "112,24": "20,5", "48,23": "22,5", "94,5": "21,5", "119,24": "21,5", "20,16": "21,5", "28,24": "21,5", "23,24": "21,5", "54,6": "22,5", "87,12": "27,6", "95,3": "43,25", "26,22": "21,5", "54,8": "22,5", "69,23": "21,4", "82,14": "20,5", "49,14": "26,17", "20,18": "21,5", "42,14": "21,5", "62,23": "21,5", "22,13": "36,27", "21,21": "21,5", "29,13": "21,5", "85,17": "22,6", "117,22": "21,4", "22,19": "21,5", "60,22": "21,5", "29,19": "21,5", "24,23": "21,5", "23,20": "21,4", "54,2": "22,5", "95,7": "21,6", "115,23": "21,5", "28,20": "25,6", "20,12": "21,5", "47,16": "20,5", "89,7": "20,6", "47,18": "20,5", "89,9": "44,24", "89,10": "44,25", "41,22": "21,2", "82,10": "20,5", "29,17": "21,5", "85,13": "22,5", "22,17": "21,4", "65,24": "21,5", "86,21": "36,27", "33,23": "21,5", "7,23": "21,5", "53,7": "21,5", "105,20": "21,4", "92,2": "44,24", "18,14": "21,5", "35,19": "21,5", "30,11": "21,5", "77,22": "21,5", "106,12": "43,26", "1,19": "43,25", "37,12": "22,5", "52,1": "21,5", "58,24": "21,5", "93,4": "21,4", "93,24": "21,5", "104,19": "43,25", "50,16": "27,17", "34,20": "21,5", "53,24": "21,4", "98,24": "21,5", "102,23": "21,5", "19,23": "21,5", "56,22": "20,0", "76,15": "44,25", "32,14": "21,5", "12,23": "21,5", "50,18": "27,17", "96,22": "21,5", "103,7": "43,27", "104,17": "43,24", "124,20": "43,24", "15,20": "21,4", "35,17": "21,5", "52,13": "21,5", "72,24": "21,5", "91,21": "20,1", "99,13": "21,5", "123,23": "21,5", "16,12": "21,2", "53,9": "21,5", "26,20": "21,4", "41,24": "21,2", "82,16": "20,5", "49,16": "26,17", "42,16": "21,5", "62,21": "21,4", "65,22": "22,5", "27,19": "44,25", "21,23": "21,5", "29,11": "21,5", "85,15": "22,5", "88,9": "43,24", "43,21": "22,2", "48,21": "22,5", "60,24": "21,5", "94,7": "21,6", "20,14": "21,4", "42,18": "21,5", "54,4": "22,5", "49,18": "26,17", "95,1": "43,24", "32,12": "21,5", "52,9": "21,5", "75,21": "21,5", "96,24": "21,5", "103,1": "43,26", "36,9": "44,24", "31,20": "21,5", "56,24": "21,5", "95,16": "21,4", "107,23": "21,5", "76,13": "44,24", "16,14": "21,2", "36,23": "21,5", "2,23": "21,5", "74,18": "20,5", "100,20": "21,4", "35,11": "21,4", "30,19": "21,5", "9,23": "21,5", "52,15": "21,5", "99,15": "21,5", "18,12": "21,5", "30,17": "21,5", "77,24": "21,5", "94,21": "21,5", "106,14": "43,26", "126,23": "21,5", "53,1": "21,5", "92,4": "21,4", "95,18": "21,5", "98,22": "21,5", "53,22": "44,25", "37,14": "22,5", "17,23": "21,5", "52,7": "21,5", "58,22": "20,1", "101,17": "21,6", "93,22": "21,5", "31,24": "21,5", "19,21": "21,5", "5,24": "21,5", "76,17": "21,4", "12,21": "20,1", "32,16": "21,5", "96,20": "21,4", "103,5": "43,26", "124,22": "21,4", "18,18": "21,5", "35,15": "21,5", "15,22": "21,5", "52,11": "21,5", "99,11": "21,5", "91,23": "21,5", "123,21": "27,17", "92,11": "29,4", "97,19": "22,2", "100,24": "21,5", "51,23": "36,27", "33,21": "21,5", "53,5": "21,5", "97,17": "22,2", "105,22": "21,5", "18,16": "21,5", "30,13": "21,5", "10,24": "21,5", "77,20": "21,5", "106,10": "43,26", "32,18": "21,5", "52,3": "21,5", "70,23": "21,4", "93,6": "21,5", "121,24": "21,5", "50,14": "27,17", "0,22": "21,4", "34,22": "21,5", "76,19": "21,5", "102,21": "21,5", "89,12": "27,6", "42,12": "36,27", "26,24": "21,5", "41,20": "21,2", "49,12": "26,17", "82,12": "20,5", "29,15": "21,5", "85,11": "22,5", "117,24": "21,5", "22,15": "21,5", "86,23": "21,5", "119,22": "21,4", "114,18": "43,24", "24,21": "21,5", "112,22": "20,4", "23,22": "21,5", "54,0": "22,5", "95,5": "21,5", "115,21": "44,25", "25,18": "22,2", "28,22": "21,5", "47,14": "20,4", "67,23": "21,4", "89,5": "20,5", "41,13": "21,1", "61,24": "21,5", "84,7": "21,5", "42,21": "21,5", "89,21": "20,0", "98,7": "25,4", "91,2": "43,24", "48,18": "22,5", "85,1": "22,5", "21,14": "21,4", "43,18": "22,2", "51,1": "20,5", "85,22": "20,4", "90,4": "21,4", "100,9": "22,5", "43,16": "22,2", "63,21": "21,4", "100,7": "22,5", "27,20": "21,4", "83,16": "21,5", "48,16": "22,5", "28,11": "20,5", "20,23": "21,5", "84,15": "21,5", "98,9": "20,5", "28,9": "20,4", "64,22": "21,5", "84,9": "21,5", "26,19": "43,25", "82,4": "20,5", "75,16": "43,25", "19,12": "21,5", "31,17": "21,5", "76,24": "21,5", "95,21": "21,5", "36,14": "21,5", "16,23": "21,5", "51,10": "20,5", "59,22": "21,5", "83,2": "21,5", "100,17": "21,6", "92,22": "21,5", "94,18": "21,2", "96,7": "21,6", "99,22": "21,5", "52,22": "43,25", "30,20": "21,5", "57,24": "21,5", "94,16": "21,1", "106,23": "21,5", "33,12": "21,5", "54,16": "22,6", "74,21": "20,5", "97,24": "21,5", "34,11": "23,1", "31,19": "21,5", "8,23": "21,5", "53,15": "21,5", "98,15": "20,5", "17,14": "21,5", "37,23": "22,5", "3,23": "21,5", "78,22": "22,5", "75,18": "21,5", "101,20": "21,4", "19,16": "21,2", "31,13": "21,5", "11,24": "21,5", "76,20": "21,5", "97,5": "21,5", "32,21": "21,5", "82,0": "20,5", "96,17": "21,5", "104,22": "21,5", "1,22": "21,4", "35,22": "21,5", "77,19": "21,5", "103,21": "21,5", "96,3": "44,25", "33,18": "21,5", "71,23": "21,4", "83,6": "21,5", "100,13": "22,5", "108,21": "22,5", "120,24": "21,5", "36,10": "44,25", "51,14": "20,5", "33,16": "21,5", "13,21": "21,5", "54,12": "22,5", "83,8": "21,5", "97,20": "21,4", "125,22": "21,4", "30,24": "21,5", "18,21": "21,5", "4,24": "21,5", "77,17": "21,4", "96,19": "21,5", "101,24": "21,5", "17,10": "36,27", "19,18": "21,5", "34,15": "21,5", "14,22": "21,5", "53,11": "21,5", "102,16": "22,5", "98,11": "20,5", "90,23": "21,5", "122,21": "26,17", "25,21": "21,5", "91,6": "21,5", "113,22": "21,4", "98,3": "36,27", "41,17": "21,2", "84,3": "21,5", "118,22": "21,4", "115,18": "44,24", "61,20": "36,27", "24,18": "21,5", "29,22": "21,5", "51,5": "20,5", "66,23": "21,4", "99,5": "21,5", "22,22": "21,5", "85,5": "22,5", "114,21": "43,25", "27,24": "21,5", "83,12": "21,5", "88,12": "27,6", "23,15": "22,2", "41,19": "21,2", "87,23": "21,5", "28,15": "20,5", "47,23": "20,5", "84,11": "21,5", "116,24": "21,5", "4,22": "21,4", "30,22": "21,5", "106,21": "21,5", "33,10": "22,0", "36,18": "21,5", "54,14": "22,5", "74,23": "25,6", "125,24": "21,5", "2,18": "44,24", "34,13": "21,5", "14,24": "21,5", "98,17": "20,6", "8,21": "36,27", "17,16": "21,5", "37,21": "22,5", "78,20": "22,5", "82,8": "20,5", "101,22": "21,5", "17,18": "21,5", "55,23": "21,0", "82,6": "20,5", "104,24": "21,5", "75,14": "43,25", "31,15": "21,5", "11,22": "21,5", "95,23": "21,5", "36,16": "21,5", "16,21": "21,5", "51,12": "20,5", "83,0": "21,5", "92,20": "21,0", "100,15": "23,6", "120,22": "21,4", "35,24": "21,5", "1,24": "21,5", "99,20": "21,4", "91,12": "27,6", "96,5": "21,5", "106,8": "43,26", "52,20": "43,24", "21,18": "21,5", "43,14": "22,2", "63,23": "21,5", "100,5": "22,5", "27,22": "21,5", "68,23": "21,4", "83,14": "21,5", "48,14": "22,4", "28,13": "20,5", "20,21": "21,5", "84,17": "21,6", "116,22": "21,4", "84,5": "21,5", "118,24": "21,5", "42,23": "21,5", "98,5": "21,5", "89,23": "21,5", "113,24": "21,5", "22,24": "21,5", "85,3": "22,5", "86,12": "27,6", "21,16": "21,5", "29,24": "21,5", "51,3": "20,5", "90,6": "21,5", "99,3": "36,27", "29,9": "21,4", "85,9": "22,5", "83,10": "21,5", "51,9": "20,5", "99,9": "21,5", "35,9": "43,24", "88,10": "43,25", "23,17": "21,4", "64,24": "21,5", "87,21": "36,27", "28,17": "20,5", "47,21": "20,5", "84,13": "21,5", "28,19": "20,5", "25,23": "21,5", "91,4": "21,4", "23,19": "21,5", "41,15": "21,2", "61,22": "21,5", "84,1": "21,5", "21,12": "22,2", "29,20": "21,5", "51,7": "20,5", "85,24": "20,5", "99,7": "21,5", "22,20": "21,4", "85,7": "22,5", "114,23": "21,5", "33,14": "21,5", "13,23": "21,5", "54,10": "22,5", "97,22": "21,5", "105,17": "44,24", "125,20": "44,24", "15,19": "21,2", "18,23": "21,5", "57,22": "21,0", "17,12": "21,5", "78,24": "22,5", "14,20": "21,4", "34,17": "21,5", "53,13": "21,5", "73,24": "21,5", "90,21": "21,0", "98,13": "20,5", "122,23": "21,5", "19,14": "21,1", "34,19": "21,5", "31,11": "21,5", "76,22": "21,5", "97,7": "21,6", "32,23": "21,5", "6,23": "21,5", "82,2": "20,5", "104,20": "21,4", "96,15": "36,27", "15,17": "21,1", "35,20": "21,5", "52,24": "21,4", "99,24": "21,5", "103,23": "21,5", "96,1": "44,24", "1,20": "43,25", "36,12": "21,5", "59,24": "21,5", "83,4": "21,5", "100,11": "22,5", "108,23": "22,5", "92,24": "21,5", "105,19": "44,25", "51,16": "20,6", "29,16": "21,5", "21,24": "21,5", "85,12": "23,5", "22,16": "21,5", "47,19": "20,5", "89,11": "44,25", "41,23": "21,2", "49,11": "26,16", "82,11": "20,5", "23,21": "21,5", "54,3": "22,5", "95,6": "21,5", "115,22": "21,4", "20,13": "21,5", "28,21": "21,5", "47,17": "20,5", "89,6": "20,5", "22,18": "21,5", "60,23": "21,5", "119,21": "36,27", "29,18": "21,5", "24,22": "21,5", "35,16": "21,5", "15,21": "21,5", "9,24": "21,5", "52,12": "21,5", "91,20": "20,0", "99,12": "21,5", "123,22": "21,4", "16,13": "21,2", "36,24": "21,5", "2,24": "21,5", "53,8": "21,5", "92,12": "27,5", "19,22": "21,5", "56,23": "20,1", "107,24": "21,5", "76,14": "44,25", "32,15": "21,5", "12,22": "21,5", "50,19": "27,16", "96,23": "21,5", "103,6": "43,26", "124,21": "43,25", "37,13": "22,5", "17,24": "21,5", "50,17": "27,17", "52,0": "21,5", "93,5": "21,5", "104,18": "43,25", "34,21": "21,5", "102,22": "21,5", "7,22": "21,4", "33,22": "21,5", "53,6": "21,5", "105,21": "21,5", "92,3": "44,25", "18,15": "21,5", "35,18": "21,5", "30,10": "21,5", "77,23": "21,5", "106,13": "43,26", "126,24": "21,5", "1,18": "43,24", "16,17": "21,4", "36,20": "21,5", "51,24": "21,4", "100,23": "21,5", "2,20": "44,25", "35,12": "21,5", "52,16": "21,6", "99,16": "21,5", "91,24": "21,5", "106,19": "36,27", "37,19": "22,5", "32,11": "21,5", "75,22": "21,5", "78,18": "22,5", "103,2": "43,26", "31,23": "21,5", "5,23": "21,5", "107,20": "21,4", "98,21": "21,5", "53,21": "44,25", "17,20": "21,4", "37,17": "22,5", "50,13": "27,17", "52,4": "21,5", "58,21": "20,0", "70,24": "21,5", "93,21": "21,5", "121,23": "21,5", "18,11": "21,4", "30,14": "21,5", "10,23": "21,5", "94,22": "21,5", "16,19": "21,5", "53,2": "21,5", "92,7": "21,6", "65,21": "22,4", "86,24": "21,5", "21,20": "21,4", "29,12": "21,5", "85,16": "22,5", "117,23": "21,5", "30,9": "21,4", "26,23": "21,5", "54,9": "22,5", "82,15": "20,5", "49,15": "26,17", "20,19": "21,5", "42,15": "21,5", "62,22": "21,5", "20,17": "21,4", "67,24": "21,5", "54,7": "22,5", "95,2": "43,25", "43,22": "22,2", "88,22": "21,4", "48,22": "22,5", "94,4": "21,4", "37,11": "22,4", "32,19": "21,5", "52,2": "21,5", "93,7": "21,6", "50,15": "27,17", "34,23": "21,5", "0,23": "21,5", "76,18": "21,5", "102,20": "21,4", "33,20": "21,5", "53,4": "21,5", "54,24": "20,1", "97,16": "22,1", "105,23": "21,5", "18,17": "21,4", "30,12": "21,5", "77,21": "21,5", "94,24": "21,5", "106,11": "43,26", "18,19": "21,5", "35,14": "21,5", "15,23": "21,5", "52,10": "21,5", "99,10": "21,5", "91,22": "21,5", "123,20": "27,17", "16,11": "21,1", "97,18": "22,2", "19,20": "21,4", "122,19": "26,16", "76,16": "44,25", "12,20": "20,0", "32,17": "21,5", "75,24": "21,5", "96,21": "21,5", "103,4": "43,26", "124,23": "21,5", "23,23": "21,5", "54,1": "22,5", "95,4": "21,4", "115,20": "44,25", "20,11": "21,4", "25,19": "22,2", "28,23": "21,5", "47,15": "20,5", "89,4": "20,4", "48,24": "23,6", "60,21": "21,4", "119,23": "21,5", "114,19": "43,25", "24,20": "21,4", "43,24": "22,2", "88,24": "21,5", "112,23": "20,5", "29,14": "21,5", "85,10": "22,5", "22,14": "21,4", "31,9": "22,0", "86,22": "21,4", "25,17": "22,1", "42,13": "21,4", "62,24": "21,5", "41,21": "21,2", "49,13": "26,17", "69,24": "21,5", "82,13": "20,5", "20,15": "21,5", "42,19": "21,5", "54,5": "22,5", "49,19": "26,16", "115,24": "21,5", "24,24": "21,5", "43,20": "22,2", "48,20": "22,5", "94,6": "21,5", "65,23": "23,6", "27,18": "44,24", "21,22": "21,5", "29,10": "21,5", "85,14": "22,5", "26,21": "21,5", "49,17": "26,17", "82,17": "20,6", "42,17": "21,5", "62,20": "36,27", "95,19": "21,5", "98,23": "21,5", "102,24": "21,5", "53,23": "44,25", "37,15": "22,5", "17,22": "21,5", "50,11": "27,16", "52,6": "21,5", "58,23": "21,5", "101,16": "21,5", "93,23": "21,5", "93,3": "36,27", "10,21": "20,0", "18,13": "21,5", "30,16": "21,5", "94,20": "21,4", "106,15": "43,27", "126,22": "21,4", "33,24": "21,5", "7,24": "21,5", "53,0": "21,5", "74,17": "20,4", "92,5": "21,5", "2,22": "21,4", "16,15": "21,2", "36,22": "21,5", "74,19": "20,5", "100,21": "21,5", "9,22": "21,4", "30,18": "21,5", "52,14": "21,5", "72,23": "21,4", "99,14": "21,5", "123,24": "21,5", "35,10": "43,25", "32,13": "21,5", "12,24": "21,5", "52,8": "21,5", "75,20": "21,5", "103,0": "8,19", "31,21": "21,5", "19,24": "21,5", "95,17": "21,5", "107,22": "21,5", "5,21": "36,27", "17,11": "21,4", "96,18": "21,5", "19,19": "21,5", "34,14": "21,5", "14,23": "21,5", "53,10": "21,5", "102,17": "22,6", "98,10": "20,5", "90,22": "21,5", "122,20": "26,17", "13,20": "21,0", "33,17": "21,5", "54,13": "22,5", "74,24": "21,5", "83,9": "21,5", "97,21": "21,5", "125,23": "21,5", "18,20": "21,4", "123,19": "27,16", "77,16": "36,27", "35,23": "21,5", "1,23": "21,5", "77,18": "21,5", "103,20": "21,4", "96,2": "44,25", "36,11": "21,4", "33,19": "21,5", "83,7": "21,5", "100,12": "22,5", "108,20": "22,4", "51,15": "20,5", "19,17": "21,4", "31,12": "21,5", "76,21": "21,5", "97,4": "21,4", "95,24": "21,5", "32,20": "21,5", "55,24": "21,5", "82,1": "20,5", "96,16": "21,4", "104,23": "21,5", "75,13": "43,24", "23,14": "22,1", "41,18": "21,2", "87,22": "21,4", "28,14": "20,5", "47,22": "20,5", "84,10": "21,5", "68,24": "21,5", "83,13": "21,5", "24,17": "21,4", "43,13": "22,1", "63,24": "21,5", "21,11": "22,1", "24,19": "21,5", "29,23": "21,5", "51,4": "20,5", "99,4": "21,4", "22,23": "21,5", "85,4": "22,5", "114,20": "43,25", "25,20": "21,4", "42,24": "21,5", "91,7": "21,6", "89,24": "21,5", "113,23": "21,5", "41,16": "21,2", "49,24": "21,4", "61,21": "21,4", "84,2": "21,5", "118,23": "21,5", "115,19": "44,25", "28,10": "20,5", "20,22": "21,5", "84,14": "21,5", "98,8": "20,5", "64,23": "21,5", "84,8": "21,5", "26,18": "43,24", "43,17": "22,2", "100,6": "22,5", "63,20": "36,27", "27,21": "21,5", "48,17": "22,5", "83,17": "21,6", "48,19": "22,5", "85,0": "22,5", "114,24": "21,5", "86,11": "36,27", "21,15": "21,5", "43,19": "22,2", "51,0": "20,5", "85,23": "20,5", "100,8": "22,5", "90,5": "21,5", "84,6": "21,5", "25,24": "21,5", "42,20": "21,5", "98,6": "21,5", "91,3": "43,25", "8,22": "21,4", "34,10": "23,0", "31,18": "21,5", "53,14": "21,5", "73,23": "21,4", "98,14": "20,5", "122,24": "21,5", "3,22": "21,4", "17,15": "21,5", "37,22": "22,5", "78,23": "22,5", "75,19": "21,5", "101,21": "21,5", "30,21": "21,5", "18,24": "21,5", "94,17": "21,2", "106,22": "21,5", "33,13": "21,5", "13,24": "21,5", "74,20": "20,5", "36,15": "21,5", "16,22": "21,5", "51,11": "20,5", "59,23": "21,5", "83,3": "21,5", "100,16": "21,5", "108,24": "22,5", "92,23": "21,5", "120,21": "36,27", "94,19": "21,2", "96,6": "21,5", "99,23": "21,5", "103,24": "21,5", "52,23": "43,25", "32,24": "21,5", "6,24": "21,5", "75,17": "21,4", "82,5": "20,5", "11,21": "21,0", "19,13": "21,5", "31,16": "21,5", "95,20": "21,4", "21,13": "22,2", "29,21": "21,5", "51,6": "20,5", "99,6": "21,5", "22,21": "21,5", "85,6": "22,5", "114,22": "21,4", "28,18": "20,5", "25,22": "21,5", "91,5": "21,5", "23,18": "21,5", "41,14": "21,2", "61,23": "21,5", "84,0": "21,5", "23,16": "22,2", "28,16": "20,5", "20,24": "21,5", "47,20": "20,5", "84,12": "21,5", "85,8": "22,5", "83,11": "21,5", "29,8": "36,27", "51,8": "20,5", "99,8": "21,5", "88,11": "43,25", "35,21": "21,5", "103,22": "21,5", "1,21": "43,25", "36,13": "21,5", "16,24": "21,5", "83,5": "21,5", "100,10": "22,5", "108,22": "22,5", "105,18": "44,25", "19,15": "21,2", "34,18": "21,5", "31,10": "21,5", "76,23": "21,5", "97,6": "21,5", "6,22": "21,4", "32,22": "21,5", "82,3": "20,5", "104,21": "21,5", "17,13": "21,5", "37,24": "22,5", "3,24": "21,5", "34,16": "21,5", "14,21": "21,5", "8,24": "21,5", "53,12": "21,5", "102,15": "22,4", "98,12": "20,5", "122,22": "21,4", "33,15": "21,5", "13,22": "21,5", "54,11": "22,5", "97,23": "21,5", "125,21": "44,25", "15,18": "21,2", "18,22": "21,5", "57,23": "21,5", "106,24": "21,5", "16,20": "21,4", "36,17": "21,5", "51,13": "20,5", "59,21": "21,0", "71,24": "21,5", "83,1": "21,5", "100,14": "22,5", "92,21": "21,5", "120,23": "21,5", "96,4": "21,4", "99,21": "21,5", "106,9": "43,26", "52,21": "43,25", "17,19": "21,5", "82,7": "20,5", "75,15": "43,25", "19,11": "21,4", "31,14": "21,5", "11,23": "21,5", "95,22": "21,5", "32,9": "23,0", "34,12": "21,5", "53,16": "21,6", "98,16": "20,5", "90,24": "21,5", "17,17": "21,4", "37,20": "22,5", "50,24": "21,4", "78,21": "22,5", "82,9": "20,5", "101,23": "21,5", "30,23": "21,5", "4,23": "21,5", "106,20": "21,4", "106,7": "8,19", "36,19": "21,5", "33,11": "21,5", "54,15": "22,5", "74,22": "20,5", "2,19": "44,25", "85,2": "22,5", "21,17": "21,4", "51,2": "20,5", "66,24": "21,5", "90,7": "21,6", "84,4": "21,5", "42,22": "21,5", "89,22": "20,1", "98,4": "21,4", "20,20": "21,4", "28,12": "20,5", "47,24": "20,5", "84,16": "21,5", "116,23": "21,5", "64,21": "21,4", "87,24": "21,5", "21,19": "21,5", "43,15": "22,2", "63,22": "21,5", "100,4": "22,4", "27,23": "21,5", "83,15": "21,5", "48,15": "22,5" }, "SNOW": 1.000000 }, "MIDDLE": { "MUSIC": "WINE", "OBJECTS": { "6,50": "MUNCHER 2", "18,10": "MOVING PLATFORM", "13,50": "MUNCHER 2", "20,37": "FLURRY", "9,25": "DONUT", "4,57": "QUESTION BLOCK", "22,34": "COIN", "8,50": "MUNCHER 2", "17,31": "SPINNING PLATFORM", "9,50": "MUNCHER 2", "21,35": "COIN", "12,50": "MUNCHER 2", "21,33": "COIN", "7,50": "MUNCHER 2", "21,56": "NOTE BLOCK", "15,6": "DOWN RED PIRANHA PLANT", "13,48": "SPINNING PLATFORM", "17,37": "FLURRY", "8,25": "DONUT", "11,50": "MUNCHER 2", "18,51": "DONUT", "12,28": "SPINNING PLATFORM", "10,25": "DONUT", "20,34": "COIN", "11,39": "LEFT RED FIRE PIRANHA PLANT", "11,56": "CHECKPOINT", "14,50": "MUNCHER 2", "21,34": "HIDDEN NOTE BLOCK", "9,6": "DOWN RED PIRANHA PLANT", "15,50": "MUNCHER 2", "16,41": "LEFT RED FIRE PIRANHA PLANT", "10,50": "MUNCHER 2", "5,50": "MUNCHER 2", "5,14": "MOVING PLATFORM", "19,51": "DONUT", "8,45": "SPINNING PLATFORM" }, "CLASSIC_SCROLL": 0.000000, "DAREDEVIL": 0.000000, "TILES_BG": { }, "WIDTH": 24.000000, "MODIFIERS": { "4,57": "FIRE FLOWER", "2,54": "DESTINATION:START", "19,1": "TEXT:START,END" }, "HEIGHT": 64.000000, "BACKGROUND": "SNOW", "MARKERS": { "19,4": "WARP BOTTOM", "20,14": "LEFT", "20,10": "LEFT", "4,54": "DOWN", "19,1": "WARP MARKER", "5,10": "RIGHT", "4,27": "WARP BOTTOM", "5,14": "RIGHT" }, "KEEP_POWERUP": 0.000000, "RAIN": 0.000000, "TILES": { "4,7": "21,6", "7,27": "22,6", "5,62": "22,5", "5,1": "21,5", "0,24": "21,5", "23,0": "21,5", "23,41": "29,17", "2,61": "21,4", "3,16": "22,5", "1,53": "21,6", "9,61": "20,5", "3,18": "22,5", "22,38": "29,16", "10,62": "21,5", "5,22": "27,17", "16,58": "20,0", "2,21": "21,5", "14,53": "21,6", "16,0": "21,5", "1,13": "21,5", "3,56": "27,16", "17,61": "21,5", "2,4": "21,5", "14,38": "29,16", "20,58": "21,5", "10,47": "44,24", "3,2": "21,5", "22,53": "43,24", "0,41": "21,5", "21,61": "21,5", "18,0": "22,5", "11,5": "21,5", "4,30": "36,27", "10,49": "44,25", "10,3": "21,5", "2,44": "21,5", "2,0": "21,5", "0,45": "21,5", "3,6": "21,5", "17,40": "29,16", "22,57": "21,4", "18,4": "22,6", "3,8": "22,5", "11,1": "21,5", "22,59": "21,5", "16,39": "29,17", "10,7": "20,6", "19,2": "26,17", "2,40": "21,4", "23,60": "21,5", "7,23": "22,5", "11,51": "21,4", "14,59": "21,4", "19,63": "21,5", "4,3": "21,5", "1,19": "21,5", "22,2": "21,5", "20,39": "29,17", "12,63": "21,5", "3,12": "22,5", "15,60": "21,5", "23,4": "21,6", "5,5": "21,5", "0,20": "21,5", "5,26": "27,17", "17,2": "21,5", "4,51": "23,6", "16,4": "21,6", "1,17": "21,5", "3,52": "21,5", "2,25": "21,5", "21,40": "29,16", "8,52": "21,5", "19,40": "29,16", "18,2": "22,5", "11,7": "21,6", "3,31": "28,1", "19,4": "26,16", "10,1": "21,5", "2,8": "21,5", "2,46": "21,5", "2,6": "21,5", "2,48": "21,5", "9,48": "43,25", "3,0": "21,5", "18,39": "29,17", "13,39": "29,17", "0,43": "21,5", "21,63": "21,5", "10,60": "21,5", "17,4": "21,6", "5,20": "27,17", "0,28": "21,5", "13,52": "21,5", "2,23": "21,5", "14,51": "21,4", "11,59": "21,4", "4,19": "26,17", "16,2": "21,5", "1,11": "21,5", "3,54": "27,17", "17,63": "21,5", "22,4": "21,6", "4,5": "21,5", "6,52": "21,5", "7,25": "22,5", "5,3": "21,5", "0,26": "21,5", "23,2": "21,5", "2,63": "21,5", "3,14": "22,5", "1,51": "21,5", "9,63": "20,5", "4,59": "44,24", "5,24": "27,17", "17,0": "21,5", "4,53": "21,6", "1,15": "21,5", "3,50": "21,5", "2,27": "21,5", "0,62": "21,5", "7,21": "22,5", "2,29": "21,5", "11,53": "21,6", "19,61": "21,5", "4,1": "21,5", "22,0": "21,5", "12,61": "21,5", "3,10": "22,5", "6,18": "20,4", "18,58": "20,1", "15,62": "21,5", "5,7": "21,6", "0,22": "21,5", "13,58": "36,27", "11,3": "21,5", "5,41": "21,4", "0,49": "21,5", "10,5": "20,5", "19,0": "26,17", "11,38": "28,16", "2,42": "21,5", "23,62": "21,5", "2,2": "21,5", "0,47": "21,5", "3,4": "21,5", "1,30": "21,5", "22,55": "43,25", "21,2": "20,5", "7,3": "21,5", "3,48": "21,5", "20,4": "27,16", "6,5": "21,5", "12,39": "29,17", "1,43": "21,5", "20,63": "21,5", "19,39": "29,17", "14,2": "21,5", "18,40": "29,16", "12,37": "8,19", "4,45": "22,5", "3,46": "21,5", "15,4": "21,6", "2,31": "21,6", "8,5": "26,17", "6,25": "20,5", "1,0": "21,5", "4,60": "44,25", "7,52": "21,5", "9,3": "21,5", "0,6": "21,5", "2,14": "21,5", "0,51": "21,5", "1,26": "21,5", "3,63": "21,5", "4,20": "26,17", "1,28": "21,5", "12,52": "21,5", "12,1": "21,5", "0,8": "21,5", "11,60": "21,5", "5,19": "27,17", "0,11": "21,5", "2,54": "26,17", "16,63": "21,5", "13,7": "22,6", "3,23": "22,5", "15,51": "22,4", "10,59": "21,4", "13,61": "21,5", "3,29": "22,5", "6,21": "20,5", "8,1": "21,5", "1,4": "21,5", "10,53": "21,6", "18,61": "21,5", "1,22": "21,5", "9,7": "27,16", "7,18": "22,4", "0,2": "21,5", "2,10": "21,5", "19,58": "21,5", "14,62": "21,5", "12,5": "21,5", "5,53": "21,6", "4,24": "26,17", "3,27": "22,5", "13,3": "21,5", "1,62": "21,5", "9,50": "43,25", "0,15": "21,5", "2,50": "21,5", "7,7": "22,6", "0,30": "21,5", "23,55": "44,25", "20,0": "27,17", "6,1": "21,5", "1,47": "21,5", "14,6": "26,17", "4,41": "23,1", "1,49": "21,5", "15,0": "21,5", "3,42": "21,5", "22,62": "21,5", "4,22": "26,17", "17,58": "21,0", "12,3": "21,5", "2,18": "21,5", "23,38": "29,16", "11,62": "21,5", "0,13": "21,5", "2,56": "26,16", "16,61": "21,5", "13,5": "22,5", "3,21": "22,5", "15,53": "22,6", "8,7": "26,16", "6,27": "20,6", "1,2": "21,5", "4,62": "21,5", "9,1": "21,5", "0,4": "21,5", "2,16": "21,5", "0,53": "21,6", "1,24": "21,5", "22,41": "29,17", "3,61": "21,4", "14,0": "21,5", "4,47": "22,5", "3,44": "21,5", "15,6": "27,17", "21,0": "20,5", "7,1": "21,5", "21,58": "21,5", "6,42": "22,6", "15,38": "29,16", "6,7": "21,6", "4,49": "22,5", "1,41": "21,5", "20,61": "21,5", "23,53": "44,24", "14,4": "21,6", "17,39": "29,17", "4,43": "22,5", "23,59": "21,5", "15,2": "21,5", "3,40": "22,0", "22,60": "21,5", "21,4": "20,6", "7,5": "22,5", "16,40": "28,16", "23,57": "21,4", "20,2": "27,17", "6,3": "21,5", "1,45": "21,5", "12,7": "21,6", "5,51": "21,4", "4,26": "26,17", "3,25": "22,5", "13,1": "21,5", "1,8": "21,5", "20,40": "29,16", "9,52": "21,5", "1,60": "36,27", "0,17": "21,5", "2,52": "21,5", "0,19": "21,5", "21,39": "29,17", "13,63": "21,5", "6,23": "20,5", "8,3": "21,5", "1,6": "21,5", "10,51": "21,4", "15,59": "21,4", "18,63": "21,5", "1,20": "21,5", "9,5": "27,17", "0,0": "21,5", "2,12": "21,5", "14,60": "21,5", "10,6": "20,5", "19,3": "26,17", "2,41": "21,5", "23,61": "21,5", "3,9": "22,5", "11,0": "21,5", "22,58": "21,5", "5,42": "21,6", "16,38": "29,16", "0,44": "21,5", "3,7": "23,4", "17,41": "29,17", "22,56": "43,25", "2,1": "21,5", "1,16": "21,5", "3,53": "21,6", "2,24": "21,5", "21,41": "29,17", "8,53": "21,6", "0,61": "21,4", "5,27": "27,16", "17,3": "21,5", "4,50": "22,5", "3,13": "22,5", "15,61": "21,5", "5,4": "21,5", "0,21": "21,5", "7,22": "22,5", "19,62": "21,5", "4,2": "21,5", "1,18": "21,5", "22,3": "21,5", "20,38": "29,16", "12,62": "21,5", "2,20": "21,5", "14,52": "21,5", "16,1": "21,5", "1,12": "21,5", "17,60": "21,5", "3,19": "22,5", "22,39": "29,17", "10,63": "21,5", "5,23": "27,17", "13,51": "21,4", "16,59": "20,1", "5,0": "21,5", "0,25": "21,5", "23,1": "21,5", "23,40": "29,16", "3,17": "22,5", "1,52": "21,5", "9,60": "20,5", "4,6": "21,5", "6,51": "21,4", "3,59": "43,24", "7,26": "22,5", "5,63": "22,5", "20,57": "21,4", "10,48": "44,25", "10,2": "21,5", "2,45": "21,5", "18,1": "22,5", "4,31": "27,6", "11,4": "21,5", "1,39": "36,27", "3,3": "21,5", "0,40": "21,4", "21,60": "21,5", "2,5": "21,5", "14,39": "29,17", "20,59": "21,5", "3,11": "22,5", "6,19": "20,5", "18,59": "21,5", "15,63": "21,5", "5,6": "21,5", "0,23": "21,5", "13,59": "21,4", "7,20": "22,5", "2,28": "21,5", "11,52": "21,5", "19,60": "21,5", "4,0": "21,5", "22,1": "21,5", "12,60": "21,5", "1,14": "21,5", "3,51": "21,5", "2,26": "21,5", "8,51": "21,4", "0,63": "21,5", "5,25": "27,17", "17,1": "21,5", "4,52": "21,5", "18,57": "20,0", "0,46": "21,5", "1,31": "21,6", "3,5": "21,5", "22,54": "43,25", "2,3": "21,5", "19,1": "26,17", "10,4": "25,4", "11,39": "28,17", "2,43": "21,5", "23,63": "21,5", "11,2": "21,5", "0,48": "21,5", "3,1": "21,5", "18,38": "29,16", "13,38": "29,16", "0,42": "21,5", "21,62": "21,5", "2,7": "21,5", "2,49": "21,5", "9,49": "43,25", "3,30": "22,5", "9,47": "43,24", "10,0": "21,5", "2,9": "21,5", "2,47": "21,5", "19,41": "29,17", "18,3": "22,5", "11,6": "21,5", "5,2": "21,5", "0,27": "21,5", "23,3": "21,5", "2,62": "21,5", "3,15": "22,5", "1,50": "21,5", "9,62": "20,5", "4,4": "21,5", "6,53": "21,6", "7,24": "22,5", "5,61": "22,4", "2,22": "21,5", "4,18": "26,16", "16,3": "21,5", "1,10": "21,5", "3,55": "27,17", "17,62": "21,5", "10,61": "21,5", "5,21": "27,17", "0,29": "21,5", "13,53": "21,6", "3,26": "22,5", "13,2": "21,5", "9,51": "21,4", "1,63": "21,5", "0,14": "21,5", "2,51": "21,5", "12,4": "21,5", "5,52": "21,5", "19,57": "21,0", "4,25": "26,17", "1,23": "21,5", "12,59": "21,4", "9,6": "27,17", "7,19": "22,5", "0,3": "21,5", "2,11": "21,5", "19,59": "21,5", "14,63": "21,5", "13,60": "21,5", "3,28": "22,5", "6,20": "20,5", "8,0": "21,5", "1,5": "21,5", "10,52": "21,5", "18,60": "21,5", "15,1": "21,5", "3,43": "21,5", "22,63": "21,5", "14,7": "26,16", "4,40": "23,0", "1,48": "21,5", "0,31": "21,6", "23,54": "44,25", "20,1": "27,17", "6,0": "21,5", "1,46": "21,5", "7,6": "22,5", "3,47": "21,5", "15,5": "27,17", "2,30": "21,5", "14,3": "21,5", "18,41": "29,17", "4,44": "22,5", "6,4": "21,5", "12,38": "29,16", "1,42": "21,5", "20,62": "21,5", "19,38": "29,16", "21,3": "20,5", "7,2": "21,5", "6,41": "22,4", "3,49": "21,5", "5,18": "27,16", "0,10": "21,5", "2,55": "26,17", "16,62": "21,5", "13,6": "22,5", "3,22": "22,5", "4,21": "26,17", "1,29": "21,5", "12,53": "21,6", "12,0": "21,5", "0,9": "21,5", "11,61": "21,5", "9,2": "21,5", "0,7": "21,5", "2,15": "21,5", "0,50": "21,5", "1,27": "21,5", "3,62": "21,5", "8,4": "21,6", "6,24": "20,5", "1,1": "21,5", "4,61": "21,4", "7,53": "21,6", "16,41": "28,17", "23,56": "44,25", "20,3": "27,17", "6,2": "21,5", "1,44": "21,5", "7,4": "23,4", "15,3": "21,5", "3,41": "21,5", "22,61": "21,5", "14,5": "26,17", "4,42": "23,4", "17,38": "29,16", "23,58": "21,5", "1,21": "21,5", "9,4": "21,6", "0,1": "21,5", "2,13": "21,5", "14,61": "21,5", "0,18": "21,5", "21,38": "29,16", "13,62": "21,5", "6,22": "20,5", "8,2": "21,5", "1,7": "21,5", "18,62": "21,5", "10,50": "44,25", "3,24": "22,5", "13,0": "21,5", "1,9": "21,5", "20,41": "29,17", "9,53": "21,6", "1,61": "21,4", "0,16": "21,5", "2,53": "21,6", "12,6": "21,5", "4,27": "26,16", "9,0": "21,5", "0,5": "21,5", "2,17": "21,5", "0,52": "21,5", "1,25": "21,5", "22,40": "29,16", "3,60": "43,25", "8,6": "26,17", "6,26": "20,5", "1,3": "21,5", "9,59": "20,4", "4,63": "21,5", "7,51": "21,4", "0,12": "21,5", "16,60": "21,5", "3,20": "22,5", "13,4": "23,4", "15,52": "22,5", "4,23": "26,17", "12,51": "21,4", "17,59": "21,5", "12,2": "21,5", "2,19": "21,5", "23,39": "29,17", "11,63": "21,5", "6,6": "21,5", "1,40": "21,4", "4,48": "22,5", "20,60": "21,5", "21,1": "20,5", "7,0": "21,5", "21,59": "21,5", "15,39": "29,17", "3,45": "21,5", "15,7": "27,16", "21,57": "21,4", "5,31": "28,6", "14,1": "21,5", "4,46": "22,5" }, "SNOW": 1.000000 }, "END": { "MUSIC": "WINE", "OBJECTS": { "57,11": "COIN", "37,16": "GOOMBA", "121,22": "END CASTLE", "66,3": "COIN", "54,6": "COIN", "64,17": "MUNCHER 2", "26,22": "ICE MUNCHER", "61,11": "COIN", "68,3": "COIN", "21,21": "ICE COIN", "60,22": "MUNCHER 2", "23,20": "ICE COIN", "54,2": "MUNCHER 2", "47,16": "MUNCHER 2", "67,21": "COIN", "66,16": "COIN", "61,2": "MUNCHER 2", "53,7": "MUNCHER 2", "50,16": "MUNCHER 2", "70,21": "COIN", "67,1": "COIN", "26,20": "ICE COIN", "49,16": "MUNCHER 2", "60,2": "MUNCHER 2", "69,21": "COIN", "105,2": "COIN", "62,21": "COIN", "65,22": "MUNCHER 2", "114,12": "FLAGPOLE", "63,16": "COIN", "55,2": "MUNCHER 2", "74,18": "MUNCHER 2", "53,1": "COIN", "52,7": "MUNCHER 2", "58,22": "MUNCHER 2", "19,21": "ICE COIN", "76,17": "COIN", "55,12": "MUNCHER 2", "99,11": "FLURRY", "59,11": "COIN", "67,3": "COIN", "61,17": "MUNCHER 2", "55,6": "COIN", "24,21": "ICE COIN", "49,6": "NOTE BLOCK", "23,22": "ICE MUNCHER", "59,2": "MUNCHER 2", "50,7": "MUNCHER 2", "62,16": "COIN", "43,16": "MUNCHER 2", "63,21": "COIN", "109,2": "COIN", "27,20": "ICE COIN", "48,16": "MUNCHER 2", "68,21": "COIN", "64,1": "COIN", "98,9": "COIN", "64,22": "MUNCHER 2", "59,22": "MUNCHER 2", "57,2": "MUNCHER 2", "96,9": "COIN", "62,2": "MUNCHER 2", "107,2": "COIN", "75,18": "MUNCHER 2", "57,6": "COIN", "54,12": "MUNCHER 2", "77,17": "COIN", "58,11": "COIN", "25,21": "ICE COIN", "22,22": "ICE MUNCHER", "56,6": "COIN", "56,11": "COIN", "27,22": "ICE MUNCHER", "60,11": "COIN", "20,21": "ICE COIN", "65,17": "MUNCHER 2", "58,6": "COIN", "99,9": "COIN", "87,21": "FLURRY", "67,16": "COIN", "108,2": "COIN", "61,22": "MUNCHER 2", "46,16": "MUNCHER 2", "58,2": "MUNCHER 2", "51,7": "MUNCHER 2", "66,21": "COIN", "22,20": "ICE COIN", "63,2": "MUNCHER 2", "106,2": "COIN", "97,9": "COIN", "56,2": "MUNCHER 2", "51,16": "MUNCHER 2", "71,21": "COIN", "66,17": "MUNCHER 2", "23,21": "ICE COIN", "24,22": "ICE MUNCHER", "59,12": "MUNCHER 2", "67,0": "COIN", "19,22": "ICE MUNCHER", "55,11": "COIN", "53,6": "COIN", "67,4": "COIN", "102,4": "HIDDEN BLOCK", "58,21": "COIN", "53,2": "MUNCHER 2", "45,16": "MUNCHER 2", "65,21": "COIN", "21,20": "ICE COIN", "60,1": "COIN", "69,22": "MUNCHER 2", "62,22": "MUNCHER 2", "54,7": "MUNCHER 2", "64,16": "COIN", "55,1": "COIN", "70,22": "MUNCHER 2", "76,18": "MUNCHER 2", "103,17": "FLURRY", "67,2": "COIN", "19,20": "ICE COIN", "104,14": "GOOMBA", "54,1": "COIN", "25,19": "BLUE PANSER", "67,22": "MUNCHER 2", "40,16": "GOOMBA", "55,7": "MUNCHER 2", "60,21": "COIN", "24,20": "ICE COIN", "61,1": "COIN", "61,16": "COIN", "63,17": "MUNCHER 2", "21,22": "ICE MUNCHER", "26,21": "ICE COIN", "61,12": "MUNCHER 2", "52,6": "COIN", "57,12": "MUNCHER 2", "74,17": "COIN", "39,13": "QUESTION BLOCK", "34,14": "GOOMBA", "63,1": "COIN", "57,7": "MUNCHER 2", "77,18": "MUNCHER 2", "71,22": "MUNCHER 2", "56,1": "COIN", "109,19": "GOOMBA", "108,1": "COIN", "58,1": "COIN", "66,22": "MUNCHER 2", "25,20": "ICE COIN", "61,21": "COIN", "20,22": "ICE MUNCHER", "98,8": "COIN", "27,21": "ICE COIN", "60,12": "MUNCHER 2", "50,6": "COIN", "62,17": "MUNCHER 2", "96,8": "COIN", "75,17": "COIN", "56,12": "MUNCHER 2", "51,6": "COIN", "22,21": "ICE COIN", "25,22": "ICE MUNCHER", "62,11": "NOTE BLOCK", "101,8": "HIDDEN BLOCK", "67,17": "MUNCHER 2", "108,3": "COIN", "99,8": "COIN", "58,12": "MUNCHER 2", "97,8": "COIN", "54,11": "COIN", "59,21": "COIN", "57,1": "COIN", "93,18": "GOOMBA", "56,7": "MUNCHER 2", "62,1": "COIN", "9,19": "CHECKPOINT", "65,16": "COIN", "58,7": "MUNCHER 2", "59,1": "COIN", "20,20": "ICE COIN", "64,2": "MUNCHER 2", "23,12": "QUESTION BLOCK", "44,16": "MUNCHER 2", "64,21": "COIN", "21,19": "BLUE PANSER", "63,22": "MUNCHER 2", "68,22": "MUNCHER 2" }, "CLASSIC_SCROLL": 0.000000, "DAREDEVIL": 0.000000, "TILES_BG": { "84,20": "44,25", "105,20": "21,5", "103,18": "21,5", "93,19": "21,5", "97,22": "21,5", "96,15": "21,5", "99,18": "21,5", "83,20": "43,25", "95,22": "21,5" }, "WIDTH": 129.000000, "MODIFIERS": { "4,20": "DESTINATION:START", "39,13": "STAR", "23,12": "FIRE FLOWER" }, "HEIGHT": 25.000000, "BACKGROUND": "SNOW", "MARKERS": { "6,20": "UP" }, "KEEP_POWERUP": 0.000000, "RAIN": 0.000000, "TILES": { "10,22": "21,4", "52,19": "21,5", "30,15": "21,5", "99,19": "21,2", "94,23": "21,5", "57,11": "43,25", "126,21": "43,25", "53,3": "27,6", "54,23": "21,5", "92,19": "21,4", "105,24": "21,2", "97,11": "43,25", "0,24": "21,5", "53,20": "21,5", "34,24": "21,5", "98,20": "21,5", "17,21": "20,5", "101,15": "21,1", "93,20": "22,2", "52,5": "44,24", "78,19": "21,4", "75,23": "21,5", "55,14": "21,5", "37,18": "21,5", "124,24": "21,5", "5,22": "21,4", "73,19": "20,4", "31,22": "21,5", "95,14": "21,2", "107,21": "21,5", "79,20": "21,5", "36,21": "21,5", "92,17": "21,2", "100,22": "21,5", "2,21": "44,25", "52,17": "21,4", "99,17": "21,5", "106,18": "43,25", "88,23": "21,5", "43,23": "21,5", "112,24": "21,5", "83,23": "21,5", "48,23": "21,5", "45,19": "21,5", "119,24": "21,5", "84,20": "23,0", "28,24": "21,5", "44,20": "21,5", "23,24": "21,5", "64,17": "44,25", "54,8": "27,6", "69,5": "29,5", "69,23": "21,4", "49,14": "43,25", "62,23": "21,4", "45,17": "21,4", "65,20": "43,24", "117,22": "36,27", "29,13": "36,27", "22,19": "21,2", "24,23": "21,4", "63,10": "20,5", "66,18": "27,6", "29,19": "21,5", "112,20": "44,24", "23,20": "21,5", "64,13": "21,6", "44,24": "21,5", "115,23": "21,4", "28,20": "20,5", "84,24": "21,5", "81,22": "21,5", "47,18": "21,5", "69,1": "29,5", "41,22": "21,5", "46,21": "21,5", "29,17": "21,5", "22,17": "21,2", "86,21": "23,0", "65,24": "21,5", "61,2": "44,25", "7,23": "21,5", "33,23": "21,5", "105,20": "21,1", "97,15": "21,5", "77,22": "21,5", "38,23": "21,5", "35,19": "21,5", "1,19": "43,25", "58,24": "21,5", "93,24": "22,2", "109,23": "22,2", "104,19": "21,5", "50,16": "44,25", "53,24": "21,5", "34,20": "21,5", "102,23": "21,5", "98,24": "21,5", "19,23": "21,4", "56,22": "22,5", "12,23": "21,5", "32,14": "23,0", "50,18": "21,5", "96,22": "21,4", "104,17": "21,5", "72,24": "21,5", "35,17": "21,5", "99,13": "21,5", "91,21": "21,5", "123,23": "21,4", "1,17": "43,24", "103,14": "36,27", "59,13": "27,6", "79,24": "21,5", "51,21": "21,5", "128,23": "21,4", "61,13": "27,6", "69,7": "29,5", "41,24": "21,5", "110,23": "20,4", "60,2": "43,25", "49,16": "43,25", "42,16": "8,19", "81,24": "21,5", "68,18": "27,6", "65,22": "43,25", "21,23": "21,4", "63,18": "27,6", "43,21": "21,5", "63,16": "43,25", "88,21": "36,27", "83,21": "21,5", "60,24": "21,5", "48,21": "21,5", "84,22": "21,5", "42,18": "21,5", "69,9": "29,5", "49,18": "21,5", "44,22": "21,5", "64,15": "44,24", "75,21": "21,5", "55,16": "21,5", "101,19": "21,5", "96,24": "21,5", "5,20": "27,17", "56,24": "21,5", "31,20": "21,5", "95,16": "21,5", "107,23": "21,5", "2,23": "21,5", "79,22": "21,5", "36,23": "21,5", "92,15": "21,1", "100,20": "21,5", "4,19": "26,16", "9,23": "21,5", "72,22": "8,19", "30,19": "21,5", "99,15": "21,5", "57,13": "27,6", "77,24": "21,5", "30,17": "21,5", "94,21": "21,5", "126,23": "21,4", "54,21": "21,5", "97,13": "21,5", "53,22": "21,5", "98,22": "21,5", "95,18": "21,5", "17,23": "20,5", "55,18": "21,5", "101,17": "21,2", "93,22": "22,2", "52,7": "44,25", "5,24": "21,5", "56,20": "22,5", "31,24": "21,5", "95,12": "21,1", "39,16": "44,25", "32,16": "21,5", "104,15": "21,4", "96,20": "22,2", "12,21": "36,27", "91,23": "21,5", "103,16": "21,5", "51,23": "21,5", "100,24": "21,5", "97,19": "21,5", "33,21": "21,5", "105,22": "21,2", "97,17": "21,5", "7,21": "43,25", "10,24": "21,5", "77,20": "21,5", "38,21": "21,5", "103,18": "22,1", "30,13": "36,27", "52,3": "26,6", "70,23": "21,4", "32,18": "21,5", "109,21": "22,2", "121,24": "21,5", "50,14": "44,25", "0,22": "21,4", "76,19": "21,4", "39,18": "21,5", "34,22": "21,5", "102,21": "21,5", "81,20": "21,5", "69,3": "29,5", "41,20": "21,5", "26,24": "21,5", "49,8": "26,6", "80,19": "21,4", "46,23": "21,5", "29,15": "21,5", "117,24": "21,5", "55,8": "27,6", "86,23": "21,5", "40,19": "21,5", "40,17": "21,4", "24,21": "22,2", "63,12": "20,5", "112,22": "44,25", "23,22": "21,5", "64,11": "21,5", "28,22": "20,5", "67,23": "21,4", "69,16": "29,5", "82,21": "21,5", "61,24": "21,5", "49,21": "21,5", "42,21": "21,5", "45,22": "21,5", "48,18": "21,5", "83,18": "43,25", "65,9": "22,5", "85,22": "21,5", "43,18": "21,5", "65,7": "22,5", "80,24": "21,5", "60,13": "27,6", "40,24": "21,5", "111,23": "21,4", "20,23": "21,4", "62,18": "27,6", "98,9": "44,24", "69,18": "27,5", "55,21": "21,5", "96,13": "21,5", "56,13": "28,0", "76,24": "21,5", "31,17": "21,5", "95,21": "21,5", "127,23": "21,4", "54,18": "21,5", "100,17": "22,2", "92,22": "21,5", "52,22": "21,5", "99,22": "21,2", "94,18": "21,5", "4,20": "26,17", "63,4": "20,5", "57,24": "21,5", "30,20": "21,5", "94,16": "21,5", "106,23": "21,5", "74,21": "21,5", "54,16": "21,5", "97,24": "22,2", "100,19": "21,5", "5,19": "27,16", "8,23": "21,5", "53,15": "20,5", "73,22": "20,5", "31,19": "21,5", "98,15": "21,5", "3,23": "21,5", "78,22": "21,5", "37,23": "21,5", "93,15": "21,4", "101,20": "21,5", "11,24": "21,5", "56,17": "22,5", "76,20": "21,5", "39,21": "21,5", "102,18": "21,4", "32,21": "21,5", "96,17": "22,2", "104,22": "21,5", "1,22": "21,4", "77,19": "21,4", "35,22": "21,5", "38,18": "21,5", "103,21": "22,2", "71,23": "21,4", "33,18": "21,5", "100,13": "22,2", "108,21": "21,5", "120,24": "21,5", "33,16": "21,5", "105,15": "22,1", "97,20": "21,5", "125,22": "36,27", "4,24": "21,5", "18,21": "22,5", "57,8": "27,6", "30,24": "21,5", "38,16": "43,25", "50,23": "21,5", "96,19": "22,2", "101,24": "21,5", "58,11": "44,25", "34,15": "23,0", "56,19": "22,5", "90,23": "22,5", "102,16": "21,5", "98,11": "44,25", "62,12": "8,19", "41,17": "21,4", "69,12": "29,5", "24,18": "22,2", "66,23": "21,4", "29,22": "21,5", "51,5": "43,24", "22,22": "21,2", "65,11": "22,5", "60,17": "8,19", "40,20": "21,5", "27,24": "21,5", "24,16": "22,1", "65,3": "22,4", "80,20": "21,5", "87,23": "21,5", "41,19": "21,5", "23,15": "36,27", "28,15": "20,5", "64,5": "21,5", "59,8": "28,6", "81,19": "22,0", "47,23": "21,5", "116,24": "21,5", "4,22": "21,4", "63,6": "20,5", "30,22": "21,5", "106,21": "21,5", "94,14": "44,25", "79,19": "21,4", "74,23": "21,5", "54,14": "21,5", "36,18": "21,5", "125,24": "21,5", "2,18": "44,25", "53,17": "25,6", "56,8": "27,6", "73,20": "20,5", "98,17": "21,5", "107,18": "44,25", "8,21": "44,25", "78,20": "21,5", "37,21": "21,5", "101,22": "21,5", "93,17": "21,5", "3,21": "36,27", "55,23": "21,5", "93,19": "22,1", "104,24": "21,5", "96,11": "36,27", "11,22": "21,4", "53,19": "21,5", "31,15": "21,5", "95,23": "21,2", "98,19": "21,5", "127,21": "44,25", "36,16": "23,0", "100,15": "22,2", "92,20": "21,5", "1,24": "21,5", "63,8": "20,5", "52,20": "21,5", "35,24": "21,5", "99,20": "21,2", "65,5": "22,5", "58,8": "27,6", "63,23": "21,4", "68,23": "21,4", "111,21": "43,25", "64,3": "21,4", "84,17": "44,24", "116,22": "36,27", "44,17": "21,4", "69,14": "29,5", "82,23": "21,5", "49,23": "21,5", "44,19": "21,5", "118,24": "21,5", "89,23": "21,5", "42,23": "21,5", "113,24": "21,5", "84,19": "44,25", "45,20": "21,5", "22,24": "21,5", "29,24": "21,5", "40,22": "21,5", "80,22": "21,5", "46,18": "21,5", "23,17": "21,5", "64,24": "21,5", "87,21": "36,27", "28,17": "20,5", "64,7": "21,5", "47,21": "21,5", "25,23": "21,4", "28,19": "20,5", "64,9": "21,5", "67,18": "27,6", "23,19": "21,5", "69,10": "29,5", "85,24": "21,5", "29,20": "21,5", "51,7": "43,25", "66,21": "44,25", "22,20": "21,2", "65,13": "22,6", "45,24": "21,5", "114,23": "21,4", "13,23": "22,5", "51,18": "21,5", "97,22": "22,1", "105,17": "22,2", "18,23": "23,6", "57,22": "8,19", "91,18": "36,27", "58,13": "27,6", "78,24": "21,5", "50,21": "21,5", "93,13": "43,24", "53,13": "20,4", "73,24": "21,5", "34,17": "21,5", "90,21": "21,2", "98,13": "21,5", "122,23": "21,4", "97,9": "43,24", "102,14": "36,27", "56,15": "22,5", "76,22": "21,5", "39,23": "21,5", "34,19": "21,5", "6,23": "21,5", "32,23": "21,5", "96,15": "22,1", "104,20": "21,5", "52,24": "21,5", "35,20": "21,5", "99,24": "21,2", "103,23": "22,2", "1,20": "43,25", "59,24": "21,5", "105,19": "22,2", "92,24": "21,5", "108,23": "21,5", "46,20": "21,5", "21,24": "21,5", "29,16": "21,5", "22,16": "21,1", "61,3": "27,6", "81,23": "21,5", "47,19": "21,5", "69,0": "29,5", "41,23": "21,5", "110,24": "20,5", "23,21": "21,5", "64,12": "21,5", "54,3": "27,6", "28,21": "20,5", "47,17": "21,4", "22,18": "21,2", "60,23": "21,4", "24,22": "22,2", "63,11": "20,5", "29,18": "21,5", "112,21": "44,25", "9,24": "21,5", "35,16": "22,0", "99,12": "21,4", "103,15": "21,4", "91,20": "21,5", "2,24": "21,5", "53,8": "27,6", "51,20": "21,5", "36,24": "21,5", "56,23": "23,6", "90,19": "21,1", "107,24": "21,5", "39,15": "44,24", "12,22": "21,4", "32,15": "23,1", "50,19": "21,5", "96,23": "21,5", "104,16": "21,5", "17,24": "20,5", "50,17": "21,4", "109,22": "22,2", "104,18": "21,5", "34,21": "21,5", "102,22": "21,5", "7,22": "21,4", "33,22": "21,5", "105,21": "21,2", "97,14": "21,5", "77,23": "21,5", "38,22": "21,5", "35,18": "21,5", "126,24": "21,5", "1,18": "43,25", "79,21": "21,5", "51,24": "21,5", "36,20": "21,5", "92,16": "21,2", "100,23": "21,5", "2,20": "44,25", "52,16": "8,19", "99,16": "21,5", "91,24": "21,5", "106,19": "43,25", "78,18": "8,19", "75,22": "21,5", "55,15": "21,5", "37,19": "21,5", "5,23": "21,5", "73,18": "8,19", "31,23": "21,5", "95,15": "21,4", "107,20": "21,4", "53,21": "21,5", "98,21": "21,5", "127,19": "44,24", "17,20": "20,5", "37,17": "21,4", "70,24": "21,5", "93,21": "22,2", "121,23": "21,4", "50,13": "44,24", "10,23": "21,5", "30,14": "21,4", "52,18": "21,5", "99,18": "21,1", "94,22": "21,5", "126,20": "43,25", "106,17": "43,24", "57,10": "43,24", "54,22": "21,5", "92,18": "21,2", "97,10": "43,25", "86,24": "21,5", "65,21": "43,25", "46,24": "21,5", "117,23": "21,4", "26,23": "21,4", "69,4": "29,5", "64,18": "27,6", "60,1": "43,24", "49,15": "43,25", "84,21": "23,1", "67,24": "21,5", "44,21": "21,5", "64,16": "44,25", "88,22": "21,4", "43,22": "21,5", "63,15": "43,24", "83,22": "21,5", "48,22": "21,5", "45,18": "21,5", "52,2": "8,19", "32,19": "21,5", "109,20": "22,1", "50,15": "44,25", "0,23": "21,5", "39,19": "21,5", "34,23": "21,5", "102,20": "21,5", "54,24": "21,5", "33,20": "21,5", "105,23": "21,2", "97,16": "21,5", "7,20": "43,24", "108,19": "36,27", "77,21": "21,5", "38,20": "21,5", "103,19": "22,2", "94,24": "21,5", "18,19": "22,4", "91,22": "21,5", "103,17": "21,5", "51,22": "21,5", "97,18": "21,5", "39,17": "21,4", "56,21": "22,5", "95,13": "21,2", "55,13": "21,4", "75,24": "21,5", "32,17": "21,5", "96,21": "22,2", "124,23": "21,4", "104,14": "36,27", "23,23": "21,4", "64,10": "21,5", "61,18": "27,6", "28,23": "25,6", "83,24": "21,5", "48,24": "21,5", "119,23": "21,4", "24,20": "22,2", "63,13": "29,1", "49,7": "8,19", "88,24": "21,5", "43,24": "21,5", "112,23": "21,4", "29,14": "21,4", "46,22": "21,5", "86,22": "23,1", "40,18": "21,5", "61,1": "44,24", "81,21": "21,5", "62,24": "21,5", "69,2": "29,5", "69,24": "21,5", "41,21": "21,5", "49,13": "43,24", "84,23": "21,5", "42,19": "21,5", "69,8": "29,5", "82,19": "23,0", "49,19": "21,5", "44,23": "21,5", "115,24": "21,5", "43,20": "21,5", "24,24": "21,5", "63,17": "43,25", "55,3": "27,6", "68,17": "8,19", "83,20": "22,0", "48,20": "21,5", "65,23": "21,4", "49,17": "21,4", "60,3": "27,6", "69,6": "29,5", "42,17": "21,4", "53,23": "21,5", "102,24": "21,5", "98,23": "21,5", "95,19": "21,5", "17,22": "20,5", "58,23": "21,4", "55,19": "21,5", "101,16": "21,2", "93,23": "22,2", "109,24": "22,2", "52,6": "44,25", "38,24": "21,5", "30,16": "21,5", "94,20": "21,5", "57,12": "43,25", "126,22": "43,25", "10,21": "36,27", "7,24": "21,5", "54,20": "21,5", "33,24": "21,5", "97,12": "21,4", "2,22": "21,4", "74,19": "21,4", "79,23": "21,5", "36,22": "21,5", "100,21": "21,5", "128,24": "21,5", "9,22": "21,4", "72,23": "21,4", "30,18": "21,5", "99,14": "21,5", "123,24": "21,5", "12,24": "21,5", "52,8": "27,6", "75,20": "21,5", "55,17": "21,5", "101,18": "21,4", "5,21": "27,17", "31,21": "21,5", "19,24": "21,5", "95,17": "21,5", "107,22": "21,5", "50,22": "21,5", "96,18": "22,2", "58,10": "44,24", "56,18": "22,5", "90,22": "22,4", "102,17": "21,5", "98,10": "44,25", "54,13": "21,4", "74,24": "21,5", "33,17": "21,5", "97,21": "21,5", "125,23": "21,4", "18,20": "22,5", "38,17": "21,4", "94,13": "44,24", "1,23": "21,5", "35,23": "21,5", "38,19": "21,5", "103,20": "22,2", "33,19": "21,5", "100,12": "22,1", "108,20": "21,4", "56,16": "22,5", "76,21": "21,5", "39,20": "21,5", "95,24": "21,2", "102,19": "21,5", "55,24": "21,5", "32,20": "21,5", "96,16": "22,2", "104,23": "21,5", "87,22": "21,4", "41,18": "21,5", "28,14": "20,4", "64,4": "21,5", "47,22": "21,5", "68,24": "21,5", "40,21": "21,5", "24,17": "22,2", "65,2": "8,19", "80,21": "21,5", "63,24": "21,5", "24,19": "22,2", "29,23": "21,5", "66,22": "44,25", "22,23": "21,4", "65,10": "22,5", "60,18": "26,6", "62,13": "27,6", "59,7": "8,19", "89,24": "21,5", "42,24": "21,5", "113,23": "21,4", "69,13": "29,5", "82,24": "21,5", "49,24": "21,5", "118,23": "21,4", "41,16": "36,27", "50,8": "27,6", "64,23": "21,4", "43,17": "21,4", "65,6": "22,5", "48,17": "21,4", "83,17": "43,24", "111,22": "43,25", "45,23": "21,5", "48,19": "21,5", "114,24": "21,5", "83,19": "43,25", "65,8": "22,5", "85,23": "21,5", "43,19": "21,5", "69,17": "29,5", "82,20": "23,1", "49,20": "21,5", "59,3": "27,6", "42,20": "21,5", "25,24": "21,5", "8,22": "21,4", "53,14": "20,5", "62,3": "27,6", "73,23": "25,6", "31,18": "21,5", "98,14": "21,5", "122,24": "21,5", "3,22": "21,4", "75,19": "21,4", "78,23": "21,5", "37,22": "21,5", "101,21": "21,5", "93,14": "43,25", "4,21": "26,17", "63,5": "20,5", "30,21": "21,5", "18,24": "21,5", "94,17": "21,5", "106,22": "21,5", "13,24": "22,5", "74,20": "21,5", "54,17": "21,5", "100,18": "21,4", "59,23": "21,4", "54,19": "21,5", "100,16": "22,2", "92,23": "21,5", "108,24": "21,5", "57,3": "27,6", "52,23": "21,5", "99,23": "21,2", "103,24": "22,2", "94,19": "21,5", "6,24": "21,5", "55,20": "21,5", "32,24": "21,5", "96,12": "21,4", "39,24": "21,5", "31,16": "21,5", "95,20": "21,5", "127,22": "44,25", "11,21": "36,27", "46,17": "21,4", "58,3": "27,6", "29,21": "21,5", "51,6": "43,25", "66,20": "44,24", "22,21": "21,2", "65,12": "22,5", "114,22": "8,19", "28,18": "20,5", "64,8": "21,5", "23,18": "21,5", "61,23": "21,4", "69,11": "29,5", "23,16": "21,4", "28,16": "20,5", "64,6": "21,5", "47,20": "21,5", "20,24": "21,5", "40,23": "21,5", "111,24": "21,5", "51,8": "27,6", "80,23": "21,5", "46,19": "21,5", "35,21": "21,5", "103,22": "22,2", "1,21": "43,25", "51,17": "21,4", "105,18": "22,2", "108,22": "21,5", "56,14": "22,5", "56,3": "27,6", "76,23": "21,5", "39,22": "21,5", "34,18": "21,5", "127,24": "21,5", "6,22": "21,4", "32,22": "21,5", "96,14": "21,5", "104,21": "21,5", "3,24": "21,5", "50,20": "21,5", "37,24": "21,5", "58,12": "44,25", "8,24": "21,5", "34,16": "23,1", "53,12": "8,19", "98,12": "21,4", "102,15": "21,4", "90,20": "21,2", "13,22": "22,4", "33,15": "22,0", "51,19": "21,5", "97,23": "22,2", "105,16": "22,2", "18,22": "22,5", "57,23": "21,4", "63,3": "29,0", "91,19": "21,4", "106,24": "21,5", "38,15": "43,24", "36,17": "23,1", "71,24": "21,5", "100,14": "22,2", "92,21": "21,5", "120,23": "21,4", "2,17": "44,24", "63,9": "20,5", "52,21": "21,5", "99,21": "21,2", "126,19": "43,24", "17,19": "20,4", "55,22": "21,5", "93,18": "21,5", "11,23": "21,5", "31,14": "22,0", "53,18": "21,5", "95,22": "21,1", "98,18": "21,5", "127,20": "44,25", "107,17": "44,24", "53,16": "20,5", "73,21": "20,5", "90,24": "22,5", "98,16": "21,5", "8,20": "44,24", "107,19": "44,25", "78,21": "21,5", "50,24": "21,5", "37,20": "21,5", "101,23": "21,5", "93,16": "21,5", "4,23": "21,5", "63,7": "20,5", "30,23": "21,5", "94,15": "21,4", "106,20": "21,4", "74,22": "21,5", "54,15": "21,5", "36,19": "21,5", "2,19": "44,25", "79,18": "36,27", "45,21": "21,5", "85,21": "22,0", "66,24": "21,5", "69,15": "29,5", "82,22": "21,5", "49,22": "21,5", "44,18": "21,5", "89,22": "21,4", "42,22": "21,5", "84,18": "44,25", "47,24": "21,5", "116,23": "21,4", "87,24": "21,5", "65,4": "22,5", "27,23": "21,4", "65,18": "27,6", "111,20": "43,24" }, "SNOW": 1.000000 } }