{ "CAVE": { "MUSIC": "CAVE", "OBJECTS": { "147,6": "COIN", "55,14": "BRICK", "147,8": "COIN", "69,23": "MOVING PIPE", "29,19": "COIN", "140,9": "COIN", "29,17": "COIN", "66,16": "PIRANHA PLANT", "132,19": "PIRANHA PLANT", "61,2": "MUNCHER 2", "166,15": "BUSTER BEETLE", "168,13": "SHORT PIRANHA PLANT", "183,24": "TIMED PLATFORM", "60,2": "MUNCHER 2", "130,14": "DOWN SHORT PIRANHA PLANT", "85,15": "COIN", "43,21": "RED PARAKOOPA", "27,17": "COIN", "163,15": "BLUE BRICK", "77,24": "P-SWITCH", "147,4": "COIN", "120,13": "LEFT FLIPPERS", "105,22": "MOVING PIPE", "61,17": "SHOE GOOMBA", "111,5": "WINGED BLOCK", "81,8": "P-PLATFORM", "59,2": "MUNCHER 2", "72,15": "BALL PIRANHA PLANT", "162,15": "BLUE BRICK", "62,2": "MUNCHER 2", "56,17": "GOOMBA", "32,21": "GOOMBA", "91,14": "LEFT FLIPPERS", "83,8": "P-PLATFORM", "86,14": "COIN", "40,20": "MOVING PIPE", "24,16": "COIN", "23,15": "COIN", "149,20": "3UP MOON", "54,14": "MULTICOIN BLOCK", "58,17": "GOOMBA", "82,8": "P-PLATFORM", "98,19": "CHECKPOINT", "88,14": "COIN", "145,8": "COIN", "84,17": "BUZZY BEETLE", "130,21": "MULTICOIN BLOCK", "137,22": "ARROW PLATFORM", "23,17": "COIN", "58,2": "MUNCHER 2", "63,2": "MUNCHER 2", "142,9": "COIN", "34,19": "FIRE PIRANHA PLANT", "56,2": "3UP MOON", "1,20": "QUESTION BLOCK", "118,16": "GOOMBA", "111,13": "WINGED BLOCK", "154,5": "RED PARAKOOPA", "148,5": "COIN", "152,8": "TOP FLIPPERS", "57,14": "BRICK", "87,6": "P-PLATFORM", "66,2": "MUNCHER 2", "76,10": "FIRE PIRANHA PLANT", "117,9": "WINGED BLOCK", "161,15": "BLUE BRICK", "67,2": "MUNCHER 2", "128,20": "REX", "146,9": "COIN", "87,15": "COIN", "171,16": "TIMED PLATFORM", "68,13": "SHORT PIRANHA PLANT", "94,2": "DOWN RED PIRANHA PLANT", "80,16": "SHORT PIRANHA PLANT", "148,7": "COIN", "148,9": "COIN", "25,17": "COIN", "148,3": "COIN", "88,6": "P-PLATFORM", "45,14": "MOVING PIPE", "141,8": "COIN", "86,6": "P-PLATFORM", "52,14": "QUESTION BLOCK", "144,9": "COIN", "65,2": "MUNCHER 2", "84,14": "COIN", "151,8": "RED PIRANHA PLANT", "26,18": "COIN", "88,17": "GOOMBA", "178,20": "TIMED PLATFORM", "26,16": "COIN", "53,14": "BRICK", "58,14": "QUESTION BLOCK", "30,21": "GOOMBA", "143,8": "COIN", "28,18": "COIN", "56,14": "QUESTION BLOCK", "149,21": "RED PIRANHA PLANT", "64,2": "MUNCHER 2", "83,15": "COIN" }, "CLASSIC_SCROLL": 0.000000, "DAREDEVIL": 0.000000, "TILES_BG": { "4,15": "38,31", "6,10": "37,29", "130,12": "19,17", "129,12": "18,17", "5,24": "38,31", "4,13": "37,30", "8,10": "38,30", "34,22": "19,17", "96,13": "19,17", "9,10": "38,31", "4,24": "38,30", "134,5": "21,17", "132,22": "19,17", "7,10": "37,30", "33,10": "18,17", "134,3": "21,17", "188,8": "18,17", "2,24": "37,29", "33,22": "18,17", "168,16": "19,17", "4,14": "38,30", "4,12": "37,29", "95,13": "18,17", "131,22": "18,17", "189,8": "19,17", "167,16": "18,17", "134,4": "21,16", "34,10": "19,17", "6,24": "39,31", "3,24": "37,30", "134,2": "21,16" }, "WIDTH": 192.000000, "MODIFIERS": { "95,14": "DESTINATION:RETURN", "189,13": "TEXT:START,END", "183,24": "TEXT:1", "111,5": "3UP", "6,21": "DESTINATION:START", "1,20": "SHELL SUIT", "111,13": "SHELL SUIT", "171,16": "TEXT:2", "178,20": "TEXT:2", "96,0": "TEXT:START,SECRET", "56,14": "FIRE FLOWER" }, "HEIGHT": 27.000000, "BACKGROUND": "CAVE ENTRANCE", "MARKERS": { "72,0": "DOWN", "95,3": "WARP BOTTOM", "69,23": "UP", "111,9": "RIGHT", "189,13": "WARP MARKER", "43,21": "UP", "105,22": "UP", "111,5": "RIGHT", "6,21": "DIAGONAL WARP CANNON", "117,13": "LEFT", "150,5": "RIGHT", "40,20": "UP", "43,14": "DOWN", "69,14": "DOWN", "45,20": "UP", "105,17": "DOWN", "40,14": "DOWN", "111,13": "RIGHT", "154,5": "LEFT", "117,5": "LEFT", "71,17": "WARP TOP", "97,14": "DOWN", "77,21": "WARP BOTTOM", "117,9": "LEFT", "45,14": "DOWN", "96,0": "WARP MARKER", "71,20": "WARP CANNON", "77,14": "WARP TOP", "188,16": "WARP BOTTOM" }, "KEEP_POWERUP": 0.000000, "RAIN": 0.000000, "TILES": { "10,22": "25,21", "4,15": "47,4", "18,10": "46,5", "52,19": "46,4", "46,6": "46,4", "22,6": "46,4", "4,7": "46,4", "77,26": "18,17", "94,23": "46,4", "126,21": "45,12", "149,17": "14,26", "186,3": "46,4", "123,6": "46,4", "13,10": "46,5", "59,19": "46,4", "54,23": "46,4", "53,3": "46,4", "37,3": "46,4", "92,6": "46,3", "97,11": "46,4", "136,3": "21,17", "142,17": "14,26", "162,20": "46,4", "92,19": "47,28", "0,24": "46,3", "34,24": "46,4", "53,20": "46,4", "47,0": "46,4", "23,0": "46,4", "17,8": "46,4", "5,1": "46,4", "73,17": "18,17", "145,14": "21,17", "168,19": "47,4", "165,23": "46,4", "172,8": "46,5", "187,5": "46,4", "146,0": "46,4", "122,0": "46,4", "122,10": "46,4", "58,20": "46,4", "52,5": "46,4", "36,5": "46,4", "3,16": "46,4", "78,17": "19,17", "93,0": "18,17", "93,20": "47,3", "121,22": "46,4", "137,5": "21,17", "163,19": "46,4", "129,10": "46,4", "6,10": "46,5", "32,10": "46,5", "66,3": "46,3", "78,19": "19,17", "75,23": "18,17", "104,13": "46,5", "96,26": "46,4", "103,3": "46,4", "124,24": "46,4", "163,17": "46,4", "167,3": "46,4", "8,18": "38,28", "5,22": "37,30", "31,22": "46,3", "39,10": "46,5", "56,26": "46,4", "17,6": "46,4", "76,11": "19,17", "73,19": "18,17", "95,14": "18,17", "140,12": "14,25", "168,17": "47,4", "160,25": "46,4", "172,6": "46,4", "51,25": "46,4", "67,5": "46,4", "79,20": "18,17", "100,22": "46,3", "108,10": "47,4", "102,5": "46,4", "92,8": "46,4", "167,26": "46,4", "166,5": "46,4", "59,17": "45,28", "9,21": "39,31", "46,8": "46,4", "22,8": "46,4", "16,0": "46,4", "4,9": "46,4", "1,13": "46,4", "72,20": "19,17", "91,25": "46,4", "103,10": "46,4", "117,0": "46,5", "173,0": "46,4", "123,8": "46,4", "49,0": "46,4", "40,5": "46,4", "24,5": "46,4", "19,8": "46,4", "2,4": "46,4", "81,0": "46,4", "88,23": "46,4", "85,19": "46,4", "112,24": "46,4", "141,5": "21,17", "155,17": "46,4", "189,5": "46,4", "180,0": "46,4", "148,0": "46,4", "125,5": "46,4", "60,26": "46,4", "38,5": "46,4", "31,0": "46,4", "68,14": "19,17", "83,23": "46,4", "104,8": "46,4", "119,24": "46,4", "131,21": "18,17", "139,5": "21,17", "156,25": "46,4", "160,8": "46,5", "154,0": "46,4", "130,0": "46,4", "111,16": "45,28", "28,24": "46,4", "48,6": "46,4", "41,3": "46,4", "25,3": "46,4", "3,2": "46,4", "67,25": "18,17", "84,20": "46,4", "140,3": "21,17", "151,26": "19,17", "188,3": "46,4", "181,6": "46,4", "124,3": "46,4", "23,24": "46,4", "54,6": "43,6", "39,3": "46,4", "30,6": "46,4", "95,3": "18,16", "138,3": "21,17", "152,14": "45,4", "191,26": "46,4", "131,6": "46,4", "26,22": "46,4", "64,19": "47,4", "54,8": "47,4", "69,5": "46,4", "30,8": "46,4", "105,0": "46,4", "110,21": "46,4", "168,5": "46,4", "161,0": "46,4", "131,8": "46,4", "25,10": "46,5", "62,23": "46,4", "48,8": "46,4", "18,0": "46,4", "11,5": "46,4", "81,26": "45,4", "119,0": "46,5", "133,24": "46,4", "154,20": "46,4", "181,8": "46,5", "174,5": "46,4", "68,3": "46,3", "61,6": "46,5", "65,20": "18,17", "86,25": "46,4", "104,6": "46,4", "111,18": "46,4", "153,23": "46,4", "190,11": "45,4", "169,3": "46,4", "160,6": "46,4", "21,21": "45,4", "19,6": "46,4", "10,3": "46,4", "117,22": "46,4", "150,11": "18,17", "158,23": "46,4", "155,19": "46,4", "175,3": "46,4", "85,17": "9,15", "22,19": "46,3", "60,22": "46,4", "55,4": "46,4", "38,1": "46,4", "31,4": "46,4", "94,1": "19,17", "119,20": "46,4", "131,25": "46,4", "139,1": "46,5", "156,21": "46,4", "130,4": "46,4", "24,23": "46,4", "49,4": "46,4", "40,1": "46,4", "24,1": "46,4", "10,9": "46,4", "2,0": "46,4", "66,18": "19,17", "88,1": "46,4", "112,20": "46,4", "141,1": "46,5", "155,13": "47,3", "189,1": "46,4", "180,4": "46,4", "125,1": "46,4", "23,20": "46,4", "54,2": "47,4", "39,7": "46,4", "30,2": "46,4", "95,7": "46,4", "115,23": "46,4", "118,19": "46,4", "157,18": "46,4", "191,22": "46,4", "131,2": "46,4", "48,2": "46,4", "41,7": "46,4", "25,7": "46,4", "3,6": "46,4", "67,21": "18,17", "80,2": "46,5", "84,24": "46,4", "113,19": "46,4", "151,22": "19,17", "188,7": "46,4", "181,2": "46,4", "124,7": "46,4", "42,10": "46,5", "41,9": "46,4", "25,9": "46,4", "18,4": "46,4", "11,1": "46,4", "3,8": "46,4", "75,1": "46,4", "81,22": "45,4", "113,17": "46,3", "154,24": "46,4", "174,1": "46,4", "124,9": "46,4", "188,9": "18,17", "26,26": "46,4", "49,10": "46,5", "60,4": "46,4", "39,9": "46,4", "87,18": "46,3", "118,17": "46,3", "105,4": "46,4", "95,9": "46,4", "110,25": "46,4", "130,12": "46,5", "157,16": "46,3", "168,1": "46,4", "161,4": "46,4", "21,25": "45,4", "19,2": "46,4", "10,7": "46,4", "66,16": "19,16", "117,26": "46,4", "132,19": "19,16", "150,15": "18,17", "175,7": "46,4", "65,24": "18,17", "86,21": "46,4", "104,2": "46,4", "134,23": "47,4", "190,15": "45,4", "169,7": "46,4", "160,2": "46,4", "7,23": "39,31", "33,23": "46,4", "53,7": "46,4", "37,7": "46,4", "71,18": "18,17", "92,2": "47,5", "142,13": "21,16", "162,24": "46,4", "189,13": "19,17", "10,26": "47,4", "4,11": "47,4", "46,2": "46,4", "22,2": "46,4", "4,3": "46,4", "106,12": "46,4", "126,25": "46,4", "149,13": "20,16", "161,16": "46,3", "186,7": "46,4", "123,2": "46,4", "58,24": "46,4", "52,1": "46,4", "36,1": "46,4", "3,12": "46,4", "93,24": "46,4", "109,23": "45,4", "103,9": "46,4", "101,11": "46,4", "121,26": "46,4", "129,14": "18,17", "137,1": "46,5", "153,1": "46,5", "8,12": "39,31", "34,20": "19,17", "53,24": "46,4", "47,4": "46,4", "23,4": "46,4", "5,5": "46,4", "86,1": "46,4", "102,23": "47,4", "98,24": "46,4", "187,1": "46,4", "122,4": "46,4", "5,26": "46,4", "31,26": "46,4", "56,22": "46,4", "17,2": "46,4", "76,15": "19,17", "73,2": "45,5", "90,18": "46,3", "95,10": "46,4", "127,12": "46,5", "148,24": "18,17", "140,16": "20,17", "160,21": "46,4", "168,13": "19,16", "172,2": "46,4", "6,14": "39,31", "50,18": "45,3", "96,22": "46,3", "103,7": "46,4", "124,20": "49,12", "167,7": "46,4", "9,25": "46,4", "1,17": "46,5", "16,4": "46,4", "72,24": "19,17", "99,13": "46,5", "91,21": "46,4", "123,23": "46,4", "161,18": "46,4", "173,4": "46,4", "2,25": "46,4", "36,25": "47,4", "51,21": "46,4", "53,9": "46,4", "37,9": "46,4", "79,24": "18,17", "92,13": "46,5", "100,26": "46,4", "102,1": "46,4", "120,11": "45,4", "128,23": "46,4", "147,15": "21,16", "167,22": "46,4", "166,1": "46,4", "26,20": "46,12", "105,2": "46,4", "110,23": "46,4", "130,14": "19,17", "152,18": "45,4", "168,7": "46,4", "161,2": "46,4", "62,21": "46,4", "18,2": "46,4", "11,7": "46,4", "81,24": "45,4", "116,19": "46,4", "133,26": "46,4", "159,18": "46,4", "154,22": "46,4", "174,7": "46,4", "61,4": "46,4", "38,9": "46,4", "68,18": "19,17", "65,22": "18,17", "104,4": "46,4", "94,9": "46,4", "134,25": "47,4", "153,21": "46,4", "190,13": "45,4", "169,1": "46,4", "160,4": "46,4", "21,23": "45,4", "63,18": "46,3", "40,9": "46,4", "24,9": "46,4", "19,4": "46,4", "10,1": "46,4", "2,8": "46,4", "74,1": "46,4", "117,20": "46,4", "150,13": "18,17", "158,21": "46,4", "175,1": "46,4", "125,9": "46,4", "189,9": "19,17", "24,25": "46,4", "49,2": "46,4", "40,7": "46,4", "24,7": "46,4", "2,6": "46,4", "81,2": "46,5", "88,21": "46,4", "112,26": "46,4", "155,15": "47,4", "189,7": "46,4", "180,2": "46,4", "132,11": "46,4", "125,7": "46,4", "60,24": "46,4", "38,7": "46,4", "31,2": "46,4", "68,16": "19,17", "83,21": "46,4", "94,7": "46,4", "119,26": "46,4", "131,23": "46,4", "130,2": "46,4", "28,26": "46,4", "47,10": "46,5", "48,4": "46,4", "41,1": "46,4", "25,1": "46,4", "11,9": "46,4", "3,0": "46,4", "89,1": "46,4", "89,18": "46,3", "84,22": "46,4", "116,17": "46,3", "140,1": "46,5", "151,24": "19,17", "159,16": "46,3", "188,1": "46,4", "181,4": "46,4", "124,1": "46,4", "23,26": "46,4", "54,4": "46,4", "39,1": "46,4", "30,4": "46,4", "95,1": "18,17", "82,18": "46,3", "115,25": "46,4", "138,1": "46,5", "152,16": "45,4", "191,24": "46,4", "131,4": "46,4", "6,12": "38,30", "52,9": "46,4", "36,9": "46,4", "75,21": "18,17", "96,24": "46,4", "103,1": "46,4", "104,11": "46,4", "124,26": "46,4", "167,1": "46,4", "56,24": "46,4", "17,4": "46,4", "76,13": "19,17", "95,16": "18,16", "148,22": "18,17", "168,15": "19,17", "172,4": "46,4", "36,23": "47,4", "79,22": "18,17", "74,18": "19,17", "120,17": "46,3", "108,12": "47,4", "102,7": "46,4", "128,25": "46,4", "147,13": "21,16", "167,24": "46,4", "166,7": "46,4", "2,23": "9,15", "9,23": "26,21", "16,2": "46,4", "1,11": "46,4", "72,22": "19,17", "103,12": "46,4", "123,25": "46,4", "164,16": "46,3", "173,2": "46,4", "10,20": "40,30", "4,17": "47,5", "46,4": "46,4", "22,4": "46,4", "4,5": "46,4", "87,1": "46,4", "126,23": "46,4", "149,15": "20,16", "164,18": "46,4", "186,1": "46,4", "123,4": "46,4", "94,21": "29,15", "7,25": "46,4", "33,25": "46,4", "54,21": "46,4", "53,1": "46,4", "37,1": "46,4", "74,16": "19,17", "97,13": "46,5", "102,9": "46,4", "120,19": "46,4", "136,1": "46,5", "152,1": "46,5", "142,15": "21,16", "162,22": "46,4", "125,11": "46,4", "189,15": "19,17", "0,26": "46,4", "34,26": "46,4", "53,22": "46,4", "47,2": "46,4", "23,2": "46,4", "5,3": "46,4", "73,15": "18,16", "98,22": "46,3", "102,25": "47,4", "122,12": "46,5", "145,16": "21,17", "165,21": "46,4", "187,7": "46,4", "122,2": "46,4", "50,10": "46,5", "55,18": "46,3", "58,22": "46,4", "52,7": "46,4", "36,7": "46,4", "3,14": "46,4", "78,15": "19,17", "93,2": "18,17", "93,22": "43,7", "109,25": "45,4", "121,20": "46,4", "129,12": "46,5", "5,24": "46,3", "31,24": "46,4", "56,20": "46,4", "47,8": "46,4", "23,8": "46,4", "17,0": "46,4", "5,9": "46,4", "76,17": "19,17", "73,0": "45,4", "95,12": "46,4", "116,0": "46,5", "122,18": "44,12", "148,26": "18,17", "140,14": "20,17", "160,23": "46,4", "172,0": "46,4", "127,10": "46,4", "122,8": "46,4", "66,5": "46,4", "75,25": "18,17", "103,5": "46,4", "93,8": "46,4", "124,22": "46,4", "166,19": "46,4", "167,5": "46,4", "57,19": "46,4", "16,6": "46,4", "1,15": "46,4", "72,26": "19,17", "91,23": "46,4", "99,11": "46,4", "123,21": "46,4", "173,6": "46,4", "16,10": "46,5", "51,23": "46,4", "67,3": "46,3", "79,26": "18,17", "100,24": "46,4", "102,3": "46,4", "92,11": "46,4", "147,17": "14,26", "167,20": "46,4", "166,3": "46,4", "128,21": "45,28", "7,21": "38,30", "33,21": "18,17", "54,25": "46,4", "53,5": "46,4", "37,5": "46,4", "92,0": "47,4", "136,5": "21,17", "162,26": "46,4", "189,11": "19,17", "10,24": "47,3", "4,13": "47,4", "46,0": "46,4", "22,0": "46,4", "16,8": "46,4", "4,1": "46,4", "77,20": "18,17", "94,25": "46,4", "106,10": "46,4", "173,8": "46,5", "186,5": "46,4", "147,0": "46,4", "123,0": "46,4", "37,10": "46,5", "58,26": "46,4", "52,3": "46,4", "36,3": "46,4", "3,10": "46,4", "93,6": "46,3", "101,13": "46,5", "93,26": "46,4", "109,21": "45,4", "121,24": "46,4", "137,3": "21,17", "166,17": "46,4", "8,10": "46,5", "34,22": "46,3", "53,26": "46,4", "47,6": "46,4", "23,6": "46,4", "5,7": "46,4", "76,19": "19,17", "98,26": "46,4", "145,12": "14,25", "165,25": "46,4", "187,3": "46,4", "122,6": "46,4", "62,25": "46,4", "18,6": "46,4", "11,3": "46,4", "81,20": "45,4", "133,22": "46,3", "154,26": "46,4", "174,3": "46,4", "26,24": "46,4", "69,3": "46,3", "60,6": "46,5", "105,6": "46,4", "168,3": "46,4", "161,6": "46,4", "130,10": "46,4", "49,8": "46,4", "19,0": "46,4", "10,5": "46,4", "80,19": "19,17", "118,0": "46,5", "117,24": "46,4", "150,17": "18,17", "158,25": "46,4", "180,8": "46,5", "175,5": "46,4", "68,5": "46,4", "31,8": "46,4", "65,26": "18,17", "86,23": "46,4", "104,0": "46,4", "153,25": "46,4", "190,17": "45,4", "169,5": "46,4", "160,0": "46,4", "130,8": "46,4", "60,20": "46,4", "55,6": "46,5", "38,3": "46,4", "31,6": "46,4", "94,3": "19,16", "83,25": "46,4", "119,22": "46,4", "114,18": "46,4", "139,3": "21,17", "156,23": "46,4", "190,19": "45,4", "130,6": "46,4", "24,21": "46,4", "49,6": "46,4", "40,3": "46,4", "24,3": "46,4", "2,2": "46,4", "80,17": "19,17", "88,25": "46,4", "112,22": "46,4", "141,3": "21,17", "150,19": "18,17", "189,3": "46,4", "180,6": "46,4", "125,3": "46,4", "23,22": "46,4", "61,19": "46,4", "54,0": "47,4", "39,5": "46,4", "30,0": "46,4", "105,8": "46,4", "115,21": "46,4", "138,5": "21,17", "161,8": "46,5", "191,20": "46,4", "155,0": "46,4", "131,0": "46,4", "28,22": "44,12", "20,10": "46,5", "48,0": "46,4", "41,5": "46,4", "25,5": "46,4", "18,8": "46,4", "3,4": "46,4", "67,23": "18,17", "80,0": "46,4", "84,26": "46,4", "140,5": "21,17", "151,20": "19,17", "188,5": "46,4", "181,0": "46,4", "149,0": "46,4", "124,5": "46,4", "61,24": "46,4", "45,2": "46,4", "28,7": "46,4", "21,2": "46,4", "7,3": "46,4", "82,21": "46,4", "120,2": "45,4", "118,26": "46,4", "130,23": "46,4", "144,2": "21,16", "185,7": "46,4", "129,7": "46,4", "25,25": "46,4", "50,7": "46,4", "34,7": "46,4", "91,2": "46,5", "89,21": "46,4", "98,7": "46,4", "113,26": "46,4", "154,15": "46,4", "190,2": "46,4", "158,2": "46,4", "133,11": "46,4", "22,26": "46,4", "44,4": "46,4", "29,1": "46,4", "20,4": "46,4", "6,5": "46,4", "85,1": "46,4", "83,18": "46,3", "114,25": "46,4", "134,12": "47,5", "145,4": "20,16", "153,16": "46,4", "190,24": "45,4", "184,1": "46,4", "128,1": "46,4", "121,4": "46,4", "29,26": "46,4", "46,10": "46,5", "51,1": "46,4", "58,4": "46,4", "35,1": "46,4", "88,18": "46,3", "85,22": "46,4", "117,17": "46,3", "99,1": "46,4", "100,9": "46,4", "134,1": "43,6", "150,1": "46,5", "150,24": "18,17", "158,16": "46,3", "191,4": "46,4", "159,4": "46,4", "63,21": "46,4", "80,24": "19,17", "100,7": "46,4", "117,19": "46,4", "132,26": "46,4", "158,18": "46,4", "155,22": "46,4", "164,7": "46,4", "14,2": "46,4", "68,21": "19,17", "111,23": "46,4", "153,18": "46,4", "178,7": "46,4", "171,2": "46,4", "62,18": "46,3", "50,9": "46,4", "34,9": "46,4", "108,4": "47,4", "101,1": "46,4", "98,9": "46,4", "116,20": "46,4", "151,9": "19,17", "151,13": "19,17", "159,21": "46,4", "165,1": "46,4", "64,22": "47,4", "28,9": "46,4", "15,4": "46,4", "78,1": "46,4", "152,21": "45,4", "179,1": "46,4", "191,13": "46,4", "170,4": "46,4", "129,9": "46,4", "6,25": "46,4", "32,25": "46,4", "55,21": "46,4", "43,1": "46,4", "27,1": "46,4", "13,9": "46,4", "8,5": "46,4", "1,0": "46,4", "75,16": "18,17", "96,13": "46,5", "121,19": "46,4", "142,1": "46,5", "143,15": "21,16", "163,22": "46,4", "183,4": "46,4", "126,1": "46,4", "124,11": "46,4", "188,15": "18,17", "56,4": "46,4", "32,4": "46,4", "76,24": "19,17", "97,1": "45,4", "127,23": "46,4", "148,15": "21,16", "168,22": "47,4", "165,18": "46,4", "157,4": "46,4", "133,4": "46,4", "51,10": "46,5", "54,18": "46,3", "59,22": "46,4", "42,7": "46,4", "26,7": "46,4", "9,3": "46,4", "0,6": "46,4", "2,14": "46,4", "83,2": "46,5", "92,22": "46,4", "120,20": "46,4", "128,12": "46,5", "167,13": "18,16", "182,2": "46,4", "127,7": "46,4", "1,26": "46,4", "10,19": "40,29", "35,26": "46,4", "52,22": "46,4", "33,2": "46,4", "91,10": "45,4", "99,22": "46,3", "96,7": "46,4", "123,12": "46,5", "156,2": "45,4", "144,16": "21,17", "164,21": "46,4", "132,2": "46,4", "57,2": "47,28", "57,24": "46,4", "63,4": "46,4", "106,4": "46,4", "96,9": "46,4", "149,22": "19,17", "162,4": "46,4", "7,12": "38,31", "33,12": "18,17", "42,9": "46,4", "26,9": "46,4", "12,1": "46,4", "0,8": "46,4", "74,21": "19,17", "76,1": "46,4", "97,24": "46,4", "105,11": "46,4", "125,26": "46,4", "177,1": "46,4", "127,9": "46,4", "34,11": "19,17", "0,11": "46,4", "73,22": "18,17", "107,2": "46,4", "102,12": "46,4", "122,25": "46,4", "165,16": "46,3", "163,2": "46,4", "8,23": "45,28", "3,23": "37,29", "13,7": "46,4", "75,18": "18,17", "121,17": "45,12", "129,25": "46,4", "146,13": "21,16", "166,24": "46,4", "176,7": "46,4", "5,13": "38,30", "32,0": "46,4", "76,20": "19,17", "97,5": "45,4", "95,25": "46,4", "107,8": "46,4", "107,10": "46,4", "168,26": "47,4", "163,8": "46,5", "157,0": "46,4", "133,0": "46,4", "6,21": "37,30", "55,25": "46,4", "43,5": "46,4", "27,5": "46,4", "8,1": "46,4", "1,4": "46,4", "75,12": "18,17", "82,0": "46,4", "109,18": "45,4", "142,5": "21,17", "163,26": "46,4", "183,0": "46,4", "126,5": "46,4", "188,11": "18,17", "9,10": "46,5", "35,22": "46,3", "52,26": "46,4", "57,6": "46,5", "33,6": "46,4", "77,19": "18,17", "96,3": "19,16", "99,26": "46,4", "156,6": "45,4", "144,12": "14,25", "164,25": "46,4", "132,6": "46,4", "36,10": "46,5", "59,26": "46,4", "42,3": "46,4", "26,3": "46,4", "9,7": "46,4", "2,10": "46,4", "0,2": "46,4", "71,23": "18,17", "100,13": "46,5", "92,26": "46,4", "120,24": "46,4", "143,3": "21,17", "167,17": "46,4", "182,6": "46,4", "127,3": "46,4", "12,5": "46,4", "9,9": "46,4", "74,25": "19,17", "125,22": "46,4", "167,19": "46,4", "182,8": "46,5", "177,5": "46,4", "4,24": "46,3", "30,24": "46,4", "57,20": "46,4", "33,8": "46,4", "77,17": "18,17", "106,0": "46,4", "94,12": "46,4", "123,18": "50,12", "156,8": "45,5", "149,26": "19,17", "141,14": "21,17", "161,23": "46,4", "162,0": "46,4", "132,8": "46,4", "126,10": "46,4", "17,10": "46,5", "50,23": "45,4", "13,3": "46,4", "78,26": "19,17", "101,24": "46,4", "93,11": "46,4", "146,17": "14,26", "166,20": "46,4", "176,3": "46,4", "34,15": "19,16", "56,19": "46,4", "62,6": "46,5", "0,15": "46,4", "73,26": "18,17", "90,23": "46,4", "107,6": "46,4", "98,11": "46,4", "122,21": "46,4", "163,6": "46,4", "25,21": "46,4", "59,6": "46,5", "50,3": "46,4", "34,3": "46,4", "91,6": "45,3", "89,25": "46,4", "98,3": "46,4", "113,22": "46,4", "135,3": "21,17", "151,19": "19,17", "190,6": "46,4", "158,6": "46,4", "61,20": "46,4", "45,6": "46,4", "28,3": "46,4", "21,6": "46,4", "7,7": "46,4", "82,25": "46,4", "120,6": "45,4", "118,22": "46,4", "115,18": "46,4", "144,6": "14,26", "157,23": "46,4", "185,3": "46,4", "191,19": "46,4", "129,3": "46,4", "29,22": "46,3", "21,10": "46,5", "51,5": "46,4", "35,5": "46,4", "66,23": "19,17", "90,0": "46,4", "85,26": "46,4", "99,5": "46,4", "134,5": "47,4", "150,20": "18,17", "191,0": "46,4", "159,0": "46,4", "22,22": "46,4", "60,19": "46,4", "44,0": "46,4", "29,5": "46,4", "20,0": "46,4", "14,8": "46,4", "6,1": "46,4", "114,21": "46,4", "171,8": "46,5", "190,20": "45,4", "184,5": "46,4", "145,0": "46,4", "128,5": "46,4", "121,0": "46,4", "153,12": "45,28", "27,24": "46,4", "70,6": "47,5", "14,6": "46,4", "68,25": "19,17", "178,3": "46,4", "171,6": "46,4", "131,10": "46,4", "63,25": "46,4", "65,3": "46,3", "80,20": "19,17", "100,3": "46,4", "132,22": "46,3", "155,26": "46,4", "164,3": "46,4", "64,26": "47,4", "45,8": "46,4", "21,8": "46,4", "15,0": "46,4", "7,9": "46,4", "87,23": "46,4", "120,8": "45,4", "114,0": "46,5", "152,25": "45,4", "179,5": "46,4", "191,17": "46,4", "170,0": "46,4", "115,16": "47,28", "64,5": "46,4", "67,14": "18,17", "91,8": "45,4", "81,19": "45,4", "108,0": "43,6", "101,5": "46,4", "116,24": "46,4", "151,17": "19,17", "159,25": "46,4", "158,8": "46,5", "190,8": "44,6", "165,5": "46,4", "9,18": "39,28", "4,22": "37,29", "30,22": "46,3", "38,10": "46,5", "57,26": "46,4", "63,6": "46,5", "72,19": "19,17", "106,6": "46,4", "141,12": "14,25", "161,25": "46,4", "162,6": "46,4", "7,10": "46,5", "33,10": "46,5", "12,3": "46,4", "79,19": "18,17", "74,23": "19,17", "97,26": "46,4", "105,13": "46,5", "125,24": "46,4", "162,17": "46,4", "177,3": "46,4", "8,21": "38,31", "34,13": "19,17", "32,8": "46,4", "0,13": "46,4", "73,20": "18,17", "90,25": "46,4", "107,0": "46,4", "102,10": "46,4", "157,8": "46,5", "163,0": "46,4", "133,8": "46,4", "53,17": "9,15", "50,25": "45,4", "13,5": "46,4", "8,9": "46,4", "78,20": "19,17", "101,22": "46,3", "166,26": "46,4", "183,8": "46,5", "176,5": "46,4", "12,10": "46,5", "58,19": "46,4", "55,23": "46,4", "43,3": "46,4", "27,3": "46,4", "8,7": "46,4", "1,2": "46,4", "75,14": "18,17", "96,11": "46,4", "142,3": "21,17", "143,17": "14,26", "163,20": "46,4", "183,6": "46,4", "126,3": "46,4", "5,15": "39,31", "19,10": "46,5", "53,19": "46,4", "56,6": "46,5", "32,6": "46,4", "76,26": "19,17", "97,3": "45,4", "95,23": "46,4", "127,21": "46,12", "148,17": "14,26", "168,20": "47,4", "157,6": "46,4", "133,6": "46,4", "59,20": "46,4", "42,5": "46,4", "26,5": "46,4", "9,1": "46,4", "0,4": "46,4", "2,16": "46,4", "79,17": "18,17", "71,25": "18,17", "83,0": "46,4", "92,20": "46,3", "120,22": "46,4", "143,5": "21,17", "162,19": "46,4", "182,0": "46,4", "127,5": "46,4", "128,10": "46,4", "1,24": "46,3", "35,24": "46,4", "52,20": "46,4", "33,0": "46,4", "72,17": "19,16", "91,12": "45,4", "106,8": "46,4", "144,14": "21,17", "164,23": "46,4", "162,8": "46,5", "156,0": "46,4", "132,0": "46,4", "123,10": "46,4", "24,10": "46,5", "63,23": "46,4", "65,5": "46,4", "80,26": "19,17", "100,5": "46,4", "109,0": "46,5", "132,24": "46,4", "155,20": "46,4", "159,8": "46,5", "191,8": "46,4", "164,5": "46,4", "27,22": "46,4", "44,8": "46,4", "20,8": "46,4", "14,0": "46,4", "6,9": "46,4", "68,23": "19,17", "65,19": "18,17", "115,0": "46,5", "111,21": "46,4", "178,5": "46,4", "171,0": "46,4", "121,8": "46,4", "64,3": "46,3", "108,6": "47,4", "101,3": "46,4", "116,22": "46,4", "151,11": "19,17", "159,23": "46,4", "154,19": "46,4", "165,3": "46,4", "64,20": "47,4", "15,6": "46,4", "87,25": "46,4", "110,18": "46,4", "152,23": "45,4", "179,3": "46,4", "191,11": "46,4", "170,6": "46,4", "61,26": "46,4", "45,0": "46,4", "28,5": "46,4", "21,0": "46,4", "15,8": "46,4", "7,1": "46,4", "82,23": "46,4", "120,0": "44,6", "118,24": "46,4", "157,25": "46,4", "170,8": "46,5", "185,5": "46,4", "144,0": "46,4", "129,5": "46,4", "50,5": "46,4", "34,5": "46,4", "91,0": "46,4", "89,23": "46,4", "84,19": "46,4", "108,8": "47,4", "98,5": "46,4", "113,24": "46,4", "135,5": "21,17", "154,17": "46,4", "190,0": "46,4", "158,0": "46,4", "22,24": "46,4", "44,6": "46,4", "29,3": "46,4", "20,6": "46,4", "6,7": "46,4", "65,17": "18,17", "134,10": "47,4", "145,6": "14,26", "153,14": "46,4", "190,26": "45,4", "184,3": "46,4", "128,3": "46,4", "121,6": "46,4", "29,24": "46,4", "58,6": "46,5", "51,3": "46,4", "35,3": "46,4", "66,25": "19,17", "85,20": "46,4", "99,3": "46,4", "134,3": "47,4", "150,26": "18,17", "191,6": "46,4", "159,6": "46,4", "27,26": "46,4", "48,10": "46,5", "70,4": "47,4", "29,9": "46,4", "14,4": "46,4", "79,1": "46,4", "86,18": "46,3", "119,17": "46,3", "111,25": "46,4", "131,12": "46,5", "156,16": "46,3", "178,1": "46,4", "171,4": "46,4", "128,9": "46,4", "43,10": "46,5", "51,9": "46,4", "35,9": "46,4", "80,22": "19,17", "112,17": "46,3", "100,1": "46,4", "99,9": "46,4", "132,20": "19,17", "134,9": "47,4", "150,9": "18,17", "155,24": "46,4", "164,1": "46,4", "64,24": "47,4", "15,2": "46,4", "87,21": "46,4", "179,7": "46,4", "191,15": "46,4", "170,2": "46,4", "67,16": "18,17", "108,2": "47,4", "101,7": "46,4", "116,26": "46,4", "151,15": "19,17", "165,7": "46,4", "25,23": "46,4", "50,1": "46,4", "59,4": "46,4", "34,1": "46,4", "67,18": "18,17", "98,1": "46,4", "101,9": "46,4", "113,20": "46,4", "135,1": "46,5", "151,1": "46,5", "154,13": "46,3", "190,4": "46,4", "158,4": "46,4", "23,19": "45,12", "61,22": "46,4", "45,4": "46,4", "28,1": "46,4", "21,4": "46,4", "7,5": "46,4", "84,1": "46,4", "120,4": "45,4", "118,20": "46,4", "130,25": "46,4", "144,4": "21,16", "157,21": "46,4", "185,1": "46,4", "129,1": "46,4", "51,7": "46,4", "35,7": "46,4", "66,21": "19,17", "90,2": "46,5", "85,24": "46,4", "99,7": "46,4", "112,19": "46,4", "134,7": "47,4", "150,22": "18,17", "191,2": "46,4", "159,2": "46,4", "22,20": "46,4", "44,2": "46,4", "29,7": "46,4", "20,2": "46,4", "6,3": "46,4", "119,19": "46,4", "114,23": "46,4", "145,2": "20,16", "156,18": "46,4", "190,22": "45,4", "184,7": "46,4", "128,7": "46,4", "121,2": "46,4", "33,14": "18,17", "51,18": "46,3", "54,10": "47,5", "12,7": "46,4", "97,22": "46,3", "125,20": "50,12", "177,7": "46,4", "4,26": "46,4", "30,26": "46,4", "57,22": "46,4", "77,15": "18,17", "91,18": "47,3", "106,2": "46,4", "94,10": "46,4", "126,12": "46,5", "149,24": "19,17", "141,16": "21,17", "161,21": "46,4", "162,2": "46,4", "3,25": "46,4", "50,21": "45,4", "43,9": "46,4", "27,9": "46,4", "13,1": "46,4", "1,8": "46,4", "77,1": "46,4", "93,13": "46,5", "101,26": "46,4", "124,19": "50,12", "129,23": "46,4", "146,15": "21,16", "166,22": "46,4", "176,1": "46,4", "126,9": "46,4", "121,11": "46,4", "8,25": "46,4", "0,17": "46,5", "62,4": "46,4", "73,24": "18,17", "98,13": "46,5", "90,21": "46,4", "107,4": "46,4", "97,9": "46,4", "122,23": "46,4", "160,18": "46,4", "163,4": "46,4", "5,11": "37,29", "34,19": "19,16", "32,2": "46,4", "76,22": "19,17", "97,7": "46,4", "107,12": "46,4", "127,25": "46,4", "148,13": "21,16", "160,16": "46,3", "168,24": "47,4", "157,2": "46,4", "133,2": "46,4", "6,23": "38,31", "32,23": "46,4", "43,7": "46,4", "27,7": "46,4", "8,3": "46,4", "1,6": "46,4", "75,10": "18,16", "82,2": "46,5", "96,15": "19,17", "143,13": "21,16", "163,24": "46,4", "183,2": "46,4", "126,7": "46,4", "188,13": "18,17", "52,24": "46,4", "57,4": "46,4", "33,4": "46,4", "96,1": "19,17", "99,24": "46,4", "156,4": "45,4", "132,4": "46,4", "59,24": "46,4", "42,1": "46,4", "26,1": "46,4", "9,5": "46,4", "12,9": "46,4", "2,12": "46,4", "0,0": "46,4", "71,21": "18,17", "92,24": "46,4", "100,11": "46,4", "120,26": "46,4", "143,1": "46,5", "167,15": "18,17", "182,4": "46,4", "127,1": "46,4", "21,24": "45,4", "19,3": "46,4", "10,6": "46,4", "66,17": "19,17", "150,14": "18,17", "158,26": "46,4", "175,6": "46,4", "61,3": "46,3", "68,6": "46,5", "65,25": "18,17", "86,20": "46,4", "104,3": "46,4", "134,22": "47,3", "153,26": "46,4", "190,14": "45,4", "169,6": "46,4", "160,3": "46,4", "62,26": "46,4", "41,8": "46,4", "25,8": "46,4", "18,5": "46,4", "11,0": "46,4", "3,9": "46,4", "75,0": "46,4", "81,23": "45,4", "110,0": "46,5", "154,25": "46,4", "188,8": "46,5", "174,0": "46,4", "124,8": "46,4", "133,21": "47,28", "113,16": "9,15", "60,5": "46,4", "39,8": "46,4", "87,19": "46,4", "105,5": "46,4", "95,8": "46,4", "110,24": "46,4", "130,13": "19,17", "157,17": "46,4", "168,0": "46,4", "161,5": "46,4", "23,21": "46,4", "54,3": "43,7", "39,6": "46,4", "30,3": "46,4", "95,6": "46,3", "115,22": "46,4", "118,18": "46,4", "138,6": "14,26", "157,19": "46,4", "191,23": "46,4", "131,3": "46,4", "87,17": "47,28", "28,21": "46,12", "48,3": "46,4", "41,6": "46,4", "25,6": "46,4", "3,7": "46,4", "67,20": "18,17", "84,25": "46,4", "113,18": "46,4", "151,23": "19,17", "140,6": "14,26", "188,6": "46,4", "181,3": "46,4", "124,6": "46,4", "27,10": "46,5", "60,23": "46,4", "55,5": "46,4", "38,0": "46,4", "31,5": "46,4", "94,0": "19,17", "83,26": "46,4", "119,21": "46,4", "131,24": "46,4", "156,20": "46,4", "169,8": "46,5", "139,0": "46,4", "130,5": "46,4", "22,18": "47,28", "24,22": "46,4", "49,5": "46,4", "40,0": "46,4", "24,0": "46,4", "10,8": "46,4", "2,1": "46,4", "66,19": "19,17", "88,0": "46,4", "88,26": "46,4", "112,21": "46,4", "175,8": "46,5", "189,0": "46,4", "180,5": "46,4", "141,0": "46,4", "125,0": "46,4", "9,24": "46,3", "16,5": "46,4", "1,16": "46,4", "72,25": "19,17", "91,20": "43,7", "99,12": "46,4", "123,22": "46,4", "161,19": "46,4", "186,8": "46,5", "173,5": "46,4", "2,24": "46,3", "36,24": "47,4", "51,20": "46,4", "53,8": "46,4", "37,8": "46,4", "71,17": "18,16", "79,25": "18,17", "102,0": "46,4", "92,12": "46,4", "120,10": "45,4", "128,22": "46,3", "147,14": "21,17", "167,23": "46,4", "166,0": "46,4", "11,10": "46,5", "56,23": "46,4", "17,3": "46,4", "76,14": "19,17", "90,19": "46,4", "95,11": "46,4", "148,25": "18,17", "140,17": "14,26", "160,20": "46,4", "172,3": "46,4", "50,19": "45,4", "66,6": "46,5", "75,26": "18,17", "96,23": "46,4", "103,6": "46,4", "124,21": "46,4", "167,6": "46,4", "58,25": "46,4", "52,0": "46,4", "36,0": "46,4", "3,13": "46,4", "93,25": "46,4", "109,22": "45,4", "103,8": "46,4", "101,10": "46,4", "129,15": "18,16", "167,8": "46,5", "153,0": "46,4", "137,0": "46,4", "34,21": "19,17", "53,25": "46,4", "47,5": "46,4", "23,5": "46,4", "5,4": "46,4", "86,0": "46,4", "102,22": "47,3", "98,25": "46,4", "165,26": "46,4", "187,0": "46,4", "122,5": "46,4", "7,22": "38,31", "33,22": "46,3", "54,26": "46,4", "53,6": "46,4", "37,6": "46,4", "71,19": "18,17", "136,6": "14,26", "142,12": "14,25", "162,25": "46,4", "189,12": "19,17", "4,10": "43,6", "30,10": "46,5", "46,3": "46,4", "22,3": "46,4", "4,2": "46,4", "94,26": "46,4", "106,13": "46,5", "126,24": "46,4", "149,12": "14,25", "161,17": "46,4", "186,6": "46,4", "123,3": "46,4", "51,24": "46,4", "67,4": "46,4", "79,21": "18,17", "100,23": "46,4", "108,11": "47,4", "102,4": "46,4", "92,9": "46,4", "128,26": "46,4", "166,4": "46,4", "9,20": "39,30", "46,9": "46,4", "22,9": "46,4", "16,1": "46,4", "4,8": "46,4", "1,12": "46,4", "72,21": "19,17", "91,24": "46,4", "103,11": "46,4", "123,26": "46,4", "173,1": "46,4", "123,9": "46,4", "164,15": "47,28", "6,11": "37,30", "78,18": "19,17", "75,22": "18,17", "103,2": "46,4", "104,12": "46,4", "124,25": "46,4", "163,16": "46,3", "167,2": "46,4", "8,19": "38,29", "5,23": "38,30", "31,23": "46,4", "17,7": "46,4", "76,10": "19,16", "73,18": "18,17", "95,15": "18,17", "148,21": "18,16", "140,13": "20,16", "168,16": "47,3", "160,24": "46,4", "172,7": "46,4", "0,25": "46,4", "34,25": "46,4", "53,21": "46,4", "47,1": "46,4", "23,1": "46,4", "17,9": "46,4", "5,0": "46,4", "73,16": "18,17", "102,26": "47,4", "146,1": "46,5", "145,15": "21,16", "168,18": "47,4", "165,22": "46,4", "187,4": "46,4", "122,1": "46,4", "122,11": "46,4", "3,17": "46,5", "58,21": "46,4", "52,4": "46,4", "36,4": "46,4", "78,16": "19,17", "93,1": "18,17", "93,21": "47,4", "109,26": "45,4", "121,23": "46,4", "137,4": "21,16", "163,18": "46,4", "129,11": "46,4", "10,23": "26,21", "4,14": "47,4", "52,18": "46,3", "46,7": "46,4", "22,7": "46,4", "4,6": "46,4", "87,2": "46,5", "94,22": "46,3", "149,16": "20,17", "186,2": "46,4", "123,7": "46,4", "7,26": "46,4", "33,26": "46,4", "59,18": "46,3", "54,22": "46,4", "53,2": "46,4", "37,2": "46,4", "74,15": "19,16", "97,10": "46,4", "92,7": "46,4", "125,12": "46,5", "136,2": "21,16", "142,16": "21,17", "162,21": "46,4", "189,16": "19,16", "65,21": "18,17", "86,24": "46,4", "104,7": "46,4", "134,26": "47,4", "111,19": "46,4", "153,22": "46,4", "190,10": "45,4", "169,2": "46,4", "160,7": "46,4", "21,20": "45,4", "19,7": "46,4", "10,2": "46,4", "74,2": "46,5", "117,23": "46,4", "150,10": "18,17", "158,22": "46,4", "155,18": "46,4", "175,2": "46,4", "26,23": "46,4", "64,18": "47,3", "54,9": "47,4", "69,4": "46,4", "30,9": "46,4", "105,1": "46,4", "110,20": "46,4", "168,4": "46,4", "161,1": "46,4", "131,9": "46,4", "62,22": "46,4", "48,9": "46,4", "18,1": "46,4", "11,4": "46,4", "133,25": "46,4", "154,21": "46,4", "174,4": "46,4", "28,25": "46,4", "48,7": "46,4", "41,2": "46,4", "25,2": "46,4", "3,3": "46,4", "67,24": "18,17", "89,2": "46,5", "84,21": "46,4", "140,2": "21,16", "188,2": "46,4", "181,7": "46,4", "124,2": "46,4", "23,25": "46,4", "54,7": "47,4", "39,2": "46,4", "30,7": "46,4", "95,2": "18,17", "115,26": "46,4", "138,2": "21,16", "152,15": "45,4", "131,7": "46,4", "24,26": "46,4", "49,1": "46,4", "40,4": "46,4", "24,4": "46,4", "19,9": "46,4", "2,5": "46,4", "81,1": "46,4", "85,18": "46,3", "88,22": "46,4", "112,25": "46,4", "132,12": "46,5", "141,4": "21,16", "148,1": "46,5", "155,16": "43,7", "189,4": "46,4", "180,1": "46,4", "125,4": "46,4", "40,10": "46,5", "38,4": "46,4", "31,1": "46,4", "68,15": "19,17", "83,22": "46,4", "111,17": "46,3", "104,9": "46,4", "119,25": "46,4", "131,20": "18,17", "139,4": "21,16", "154,1": "46,5", "156,24": "46,4", "130,1": "46,4", "52,2": "46,4", "36,2": "46,4", "3,11": "46,4", "109,20": "45,4", "101,12": "46,4", "93,7": "46,4", "121,25": "46,4", "137,2": "21,16", "166,16": "46,3", "8,11": "38,31", "34,23": "46,4", "47,7": "46,4", "23,7": "46,4", "5,6": "46,4", "76,18": "19,17", "86,2": "46,5", "122,17": "46,12", "145,13": "21,16", "165,24": "46,4", "187,2": "46,4", "122,7": "46,4", "0,23": "47,28", "7,20": "37,30", "33,20": "18,17", "54,24": "46,4", "53,4": "46,4", "37,4": "46,4", "92,1": "47,4", "136,4": "21,16", "189,10": "19,17", "10,25": "47,4", "4,12": "47,4", "46,1": "46,4", "22,1": "46,4", "16,9": "46,4", "4,0": "46,4", "77,21": "18,16", "94,24": "46,4", "106,11": "46,4", "126,26": "46,4", "147,1": "46,5", "186,4": "46,4", "123,1": "46,4", "161,15": "9,15", "9,26": "46,4", "52,10": "46,5", "57,18": "46,3", "16,7": "46,4", "1,14": "46,4", "91,22": "46,4", "99,10": "46,4", "123,20": "46,4", "173,7": "46,4", "2,26": "46,4", "36,26": "47,4", "51,22": "46,4", "100,25": "46,4", "102,2": "46,4", "92,10": "46,4", "120,12": "45,5", "147,16": "21,17", "167,21": "46,4", "166,2": "46,4", "5,25": "46,4", "31,25": "46,4", "56,21": "46,4", "47,9": "46,4", "23,9": "46,4", "17,1": "46,4", "5,8": "46,4", "76,16": "19,17", "73,1": "45,4", "95,13": "46,5", "122,19": "46,4", "140,15": "20,16", "160,22": "46,4", "172,1": "46,4", "127,11": "46,4", "122,9": "46,4", "66,4": "46,4", "75,24": "18,17", "103,4": "46,4", "93,9": "46,4", "124,23": "46,4", "166,18": "46,4", "167,4": "46,4", "96,21": "47,28", "23,23": "46,4", "61,18": "46,3", "54,1": "47,4", "39,4": "46,4", "30,1": "46,4", "105,9": "46,4", "115,20": "46,4", "138,4": "21,16", "155,1": "46,5", "152,13": "45,3", "191,21": "46,4", "131,1": "46,4", "28,23": "46,4", "48,1": "46,4", "41,4": "46,4", "25,4": "46,4", "18,9": "46,4", "3,5": "46,4", "67,22": "18,17", "80,1": "46,4", "140,4": "21,16", "149,1": "46,5", "151,21": "19,17", "188,4": "46,4", "181,1": "46,4", "124,4": "46,4", "60,21": "46,4", "38,2": "46,4", "31,7": "46,4", "68,13": "19,16", "94,2": "19,17", "83,24": "46,4", "119,23": "46,4", "114,19": "46,4", "131,26": "46,4", "139,2": "21,16", "156,22": "46,4", "190,18": "45,4", "130,7": "46,4", "24,20": "44,12", "49,7": "46,4", "40,2": "46,4", "24,2": "46,4", "2,3": "46,4", "80,16": "19,16", "88,2": "46,5", "88,24": "46,4", "112,23": "46,4", "141,2": "21,16", "150,18": "18,17", "189,2": "46,4", "180,7": "46,4", "125,2": "46,4", "21,26": "45,4", "49,9": "46,4", "19,1": "46,4", "10,4": "46,4", "80,18": "19,17", "117,25": "46,4", "150,16": "18,17", "158,24": "46,4", "175,4": "46,4", "45,10": "46,5", "68,4": "46,4", "31,9": "46,4", "86,22": "46,4", "114,17": "46,3", "104,1": "46,4", "153,24": "46,4", "190,16": "45,4", "169,4": "46,4", "160,1": "46,4", "130,9": "46,4", "62,24": "46,4", "18,7": "46,4", "11,2": "46,4", "75,2": "46,5", "81,21": "45,4", "133,23": "46,4", "174,2": "46,4", "26,25": "46,4", "105,7": "46,4", "110,26": "46,4", "168,2": "46,4", "161,7": "46,4", "130,11": "46,4", "48,5": "46,4", "41,0": "46,4", "25,0": "46,4", "11,8": "46,4", "3,1": "46,4", "67,26": "18,17", "89,0": "46,4", "89,19": "46,4", "84,23": "46,4", "151,25": "19,17", "159,17": "46,4", "174,8": "46,5", "188,0": "46,4", "181,5": "46,4", "140,0": "46,4", "124,0": "46,4", "54,5": "46,4", "39,0": "46,4", "30,5": "46,4", "95,0": "18,17", "82,19": "46,4", "115,24": "46,4", "152,17": "45,4", "168,8": "46,5", "191,25": "46,4", "138,0": "46,4", "131,5": "46,4", "24,24": "46,4", "49,3": "46,4", "40,6": "46,4", "24,6": "46,4", "2,7": "46,4", "88,20": "46,4", "155,14": "47,4", "141,6": "14,26", "189,6": "46,4", "180,3": "46,4", "132,10": "46,4", "125,6": "46,4", "63,17": "47,28", "60,25": "46,4", "55,3": "46,3", "38,6": "46,4", "31,3": "46,4", "68,17": "19,17", "94,6": "46,3", "83,20": "46,4", "131,22": "46,3", "139,6": "14,26", "156,26": "46,4", "130,3": "46,4", "22,10": "46,5", "61,5": "46,4", "38,8": "46,4", "68,19": "19,17", "65,23": "18,17", "86,26": "46,4", "104,5": "46,4", "94,8": "46,4", "134,24": "47,4", "153,20": "46,4", "190,12": "45,4", "169,0": "46,4", "160,5": "46,4", "21,22": "45,4", "29,10": "46,5", "63,19": "46,4", "40,8": "46,4", "24,8": "46,4", "19,5": "46,4", "10,0": "46,4", "2,9": "46,4", "74,0": "46,4", "111,0": "46,5", "117,21": "46,4", "150,12": "18,17", "158,20": "46,4", "189,8": "46,5", "175,0": "46,4", "125,8": "46,4", "26,21": "44,12", "60,3": "46,3", "69,6": "46,5", "105,3": "46,4", "110,22": "46,4", "130,15": "19,16", "152,19": "45,4", "168,6": "46,4", "161,3": "46,4", "82,17": "45,28", "62,20": "46,4", "18,3": "46,4", "11,6": "46,4", "81,25": "45,4", "116,18": "46,4", "159,19": "46,4", "154,23": "46,4", "174,6": "46,4", "14,10": "46,5", "53,23": "46,4", "47,3": "46,4", "23,3": "46,4", "5,2": "46,4", "102,24": "47,4", "98,23": "46,4", "145,17": "14,26", "165,20": "46,4", "187,6": "46,4", "122,3": "46,4", "58,23": "46,4", "55,19": "46,4", "52,6": "46,4", "36,6": "46,4", "3,15": "46,4", "78,14": "19,16", "93,3": "18,16", "93,23": "46,4", "109,24": "45,4", "121,21": "46,4", "129,13": "18,17", "137,6": "14,26", "10,21": "24,21", "4,16": "47,4", "46,5": "46,4", "22,5": "46,4", "4,4": "46,4", "77,25": "18,16", "87,0": "46,4", "126,22": "46,4", "149,14": "20,17", "164,19": "46,4", "186,0": "46,4", "123,5": "46,4", "7,24": "46,3", "33,24": "46,4", "54,20": "46,4", "53,0": "46,4", "37,0": "46,4", "74,17": "19,17", "102,8": "46,4", "97,12": "46,4", "120,18": "46,4", "142,14": "21,17", "162,23": "46,4", "166,8": "46,5", "152,0": "46,4", "136,0": "46,4", "125,10": "46,4", "189,14": "19,17", "36,22": "47,3", "51,26": "46,4", "67,6": "46,5", "79,23": "18,17", "74,19": "19,17", "108,13": "47,5", "102,6": "46,4", "128,24": "46,4", "147,12": "14,25", "167,25": "46,4", "166,6": "46,4", "9,22": "24,21", "35,10": "46,5", "16,3": "46,4", "1,10": "46,4", "72,23": "19,17", "103,13": "46,5", "91,26": "46,4", "123,24": "46,4", "164,17": "46,4", "173,3": "46,4", "6,13": "38,31", "52,8": "46,4", "36,8": "46,4", "75,20": "18,17", "96,25": "46,4", "103,0": "46,4", "104,10": "46,4", "167,0": "46,4", "5,21": "37,29", "56,25": "46,4", "17,5": "46,4", "76,12": "19,17", "148,23": "18,17", "160,26": "46,4", "168,14": "19,17", "187,8": "46,5", "172,5": "46,4", "31,21": "29,15", "3,26": "46,4", "50,22": "45,4", "13,2": "46,4", "77,2": "46,5", "101,25": "46,4", "109,17": "45,3", "93,10": "46,4", "121,12": "46,5", "146,16": "21,17", "166,21": "46,4", "176,2": "46,4", "8,26": "46,4", "34,14": "19,17", "53,10": "46,5", "56,18": "46,3", "0,14": "46,4", "90,22": "46,4", "107,7": "46,4", "98,10": "46,4", "122,20": "46,4", "163,7": "46,4", "12,4": "46,4", "9,8": "46,4", "74,24": "19,17", "125,23": "46,4", "167,18": "46,4", "177,4": "46,4", "4,25": "46,4", "30,25": "46,4", "57,21": "46,4", "33,9": "46,4", "77,16": "18,17", "94,13": "46,5", "106,1": "46,4", "123,19": "49,12", "141,15": "21,16", "161,22": "46,4", "162,1": "46,4", "132,9": "46,4", "126,11": "46,4", "9,11": "39,31", "35,23": "46,4", "33,7": "46,4", "77,18": "18,17", "96,2": "19,17", "156,7": "45,4", "144,13": "21,16", "164,24": "46,4", "132,7": "46,4", "7,19": "37,29", "33,19": "18,16", "42,2": "46,4", "26,2": "46,4", "9,6": "46,4", "0,3": "46,4", "2,11": "46,4", "71,22": "18,17", "100,12": "46,4", "120,25": "46,4", "143,2": "21,16", "167,16": "46,3", "182,7": "46,4", "127,2": "46,4", "5,12": "37,30", "32,1": "46,4", "76,21": "19,17", "97,4": "45,4", "95,24": "46,4", "107,9": "46,4", "107,11": "46,4", "127,26": "46,4", "157,1": "46,4", "133,1": "46,4", "6,20": "37,29", "55,24": "46,4", "43,4": "46,4", "27,4": "46,4", "8,0": "46,4", "1,5": "46,4", "75,13": "18,17", "82,1": "46,4", "96,16": "19,16", "109,19": "45,4", "142,4": "21,16", "183,1": "46,4", "126,4": "46,4", "188,10": "18,17", "44,10": "46,5", "45,9": "46,4", "21,9": "46,4", "15,1": "46,4", "7,8": "46,4", "87,22": "46,4", "115,17": "46,3", "120,9": "45,4", "152,24": "45,4", "179,4": "46,4", "191,16": "46,4", "170,1": "46,4", "64,4": "46,4", "67,15": "18,17", "91,9": "45,4", "81,18": "45,3", "108,1": "47,4", "101,4": "46,4", "116,25": "46,4", "151,16": "19,17", "159,24": "46,4", "190,9": "45,4", "165,4": "46,4", "27,25": "46,4", "14,7": "46,4", "68,24": "19,17", "79,2": "46,5", "111,26": "46,4", "178,2": "46,4", "171,7": "46,4", "131,11": "46,4", "156,15": "29,15", "63,24": "46,4", "80,21": "19,17", "100,2": "46,4", "132,23": "46,4", "164,2": "46,4", "24,19": "46,12", "29,23": "46,4", "51,4": "46,4", "35,4": "46,4", "66,22": "19,17", "90,1": "46,4", "99,4": "46,4", "134,4": "47,4", "150,21": "18,17", "191,1": "46,4", "159,1": "46,4", "22,23": "46,4", "60,18": "46,3", "44,1": "46,4", "29,4": "46,4", "20,1": "46,4", "14,9": "46,4", "6,0": "46,4", "114,20": "46,4", "145,1": "46,5", "153,13": "46,3", "190,21": "45,4", "184,4": "46,4", "128,4": "46,4", "121,1": "46,4", "25,20": "45,12", "50,2": "46,4", "34,2": "46,4", "91,7": "45,4", "89,24": "46,4", "98,2": "46,4", "113,23": "46,4", "135,2": "21,16", "151,18": "19,17", "190,7": "46,4", "158,7": "46,4", "61,21": "46,4", "45,7": "46,4", "28,2": "46,4", "21,7": "46,4", "7,6": "46,4", "84,2": "46,5", "82,24": "46,4", "120,7": "45,4", "118,23": "46,4", "115,19": "46,4", "130,26": "46,4", "157,22": "46,4", "185,2": "46,4", "191,18": "46,4", "129,2": "46,4", "28,10": "46,5", "62,19": "46,4", "50,8": "46,4", "34,8": "46,4", "108,5": "47,4", "101,0": "46,4", "98,8": "46,4", "116,21": "46,4", "151,8": "19,16", "151,12": "19,17", "159,20": "46,4", "165,0": "46,4", "23,10": "46,5", "64,23": "47,4", "28,8": "46,4", "15,5": "46,4", "78,0": "46,4", "87,26": "46,4", "152,20": "45,4", "185,8": "46,5", "179,0": "46,4", "191,12": "46,4", "170,5": "46,4", "129,8": "46,4", "63,20": "46,4", "65,6": "46,5", "80,25": "19,17", "100,6": "46,4", "117,18": "46,4", "158,19": "46,4", "155,23": "46,4", "164,6": "46,4", "27,21": "45,12", "70,3": "47,3", "14,3": "46,4", "68,20": "19,17", "111,22": "46,4", "153,19": "46,4", "178,6": "46,4", "171,3": "46,4", "44,5": "46,4", "29,0": "46,4", "20,5": "46,4", "6,4": "46,4", "85,0": "46,4", "83,19": "46,4", "114,24": "46,4", "145,5": "20,17", "153,17": "46,4", "178,8": "46,5", "190,25": "45,4", "184,0": "46,4", "128,0": "46,4", "121,5": "46,4", "51,0": "46,4", "58,5": "46,4", "35,0": "46,4", "66,26": "19,17", "85,23": "46,4", "88,19": "46,4", "99,0": "46,4", "100,8": "46,4", "150,25": "18,17", "158,17": "46,4", "164,8": "46,5", "191,5": "46,4", "159,5": "46,4", "150,0": "46,4", "134,0": "46,4", "61,25": "46,4", "45,3": "46,4", "28,6": "46,4", "21,3": "46,4", "7,2": "46,4", "82,20": "46,4", "120,3": "45,4", "130,22": "46,3", "144,3": "21,17", "157,26": "46,4", "185,6": "46,4", "129,6": "46,4", "25,24": "46,4", "59,3": "46,3", "50,6": "46,4", "34,6": "46,4", "89,20": "46,4", "98,6": "46,4", "135,6": "14,26", "154,14": "46,4", "190,3": "46,4", "158,3": "46,4", "133,10": "46,4", "8,22": "39,31", "34,10": "46,5", "62,3": "46,3", "0,10": "46,4", "73,23": "18,17", "102,13": "46,5", "90,26": "46,4", "107,3": "46,4", "122,24": "46,4", "165,17": "46,4", "163,3": "46,4", "50,26": "45,4", "13,6": "46,4", "75,19": "18,17", "129,24": "46,4", "146,12": "14,25", "166,25": "46,4", "176,6": "46,4", "101,21": "45,28", "57,25": "46,4", "63,5": "46,4", "106,5": "46,4", "96,8": "46,4", "149,23": "19,17", "161,26": "46,4", "162,5": "46,4", "7,13": "39,31", "33,13": "18,17", "42,8": "46,4", "26,8": "46,4", "12,0": "46,4", "0,9": "46,4", "74,20": "19,17", "76,0": "46,4", "97,25": "46,4", "105,10": "46,4", "113,0": "46,5", "177,0": "46,4", "127,8": "46,4", "54,17": "29,15", "59,23": "46,4", "54,19": "46,4", "42,6": "46,4", "26,6": "46,4", "9,2": "46,4", "0,7": "46,4", "2,15": "46,4", "71,26": "18,17", "92,23": "46,4", "120,21": "46,4", "143,6": "14,26", "182,3": "46,4", "127,6": "46,4", "15,10": "46,5", "52,23": "46,4", "57,3": "46,3", "33,3": "46,4", "96,6": "46,3", "91,11": "45,4", "99,23": "46,4", "156,3": "45,4", "144,17": "14,26", "164,20": "46,4", "132,3": "46,4", "6,24": "46,3", "32,24": "46,4", "55,20": "46,4", "43,0": "46,4", "27,0": "46,4", "13,8": "46,4", "8,4": "46,4", "1,1": "46,4", "75,17": "18,17", "96,12": "46,4", "121,18": "46,4", "143,14": "21,17", "163,23": "46,4", "176,8": "46,5", "183,5": "46,4", "142,0": "46,4", "126,0": "46,4", "124,10": "46,4", "188,14": "18,17", "56,5": "46,4", "32,5": "46,4", "76,25": "19,17", "97,0": "45,4", "127,22": "44,12", "148,14": "21,17", "168,23": "47,4", "165,19": "46,4", "157,5": "46,4", "133,5": "46,4", "58,3": "46,3", "51,6": "46,4", "35,6": "46,4", "66,20": "19,17", "85,25": "46,4", "99,6": "46,4", "112,18": "46,4", "134,6": "47,4", "150,23": "18,17", "191,3": "46,4", "159,3": "46,4", "29,21": "45,28", "22,21": "46,4", "44,3": "46,4", "29,6": "46,4", "20,3": "46,4", "6,2": "46,4", "119,18": "46,4", "114,22": "46,4", "145,3": "20,17", "156,19": "46,4", "190,23": "45,4", "184,6": "46,4", "128,6": "46,4", "121,3": "46,4", "25,22": "46,4", "50,0": "46,4", "59,5": "46,4", "34,0": "46,4", "67,19": "18,17", "89,26": "46,4", "98,0": "46,4", "101,8": "46,4", "113,21": "46,4", "165,8": "46,5", "190,5": "46,4", "158,5": "46,4", "151,0": "46,4", "135,0": "46,4", "154,12": "9,15", "26,10": "46,5", "61,23": "46,4", "45,5": "46,4", "28,0": "46,4", "21,5": "46,4", "7,4": "46,4", "84,0": "46,4", "82,26": "46,4", "120,5": "45,4", "118,21": "46,4", "130,24": "46,4", "144,5": "21,17", "157,20": "46,4", "179,8": "46,5", "185,0": "46,4", "129,0": "46,4", "64,25": "47,4", "15,3": "46,4", "87,20": "46,4", "152,26": "45,4", "179,6": "46,4", "191,14": "46,4", "170,3": "46,4", "64,6": "46,5", "67,17": "18,17", "108,3": "47,4", "101,6": "46,4", "151,14": "19,17", "159,26": "46,4", "165,6": "46,4", "70,5": "47,4", "29,8": "46,4", "14,5": "46,4", "68,26": "19,17", "79,0": "46,4", "86,19": "46,4", "111,24": "46,4", "156,17": "46,4", "184,8": "46,5", "178,0": "46,4", "171,5": "46,4", "128,8": "46,4", "119,16": "29,15", "63,26": "46,4", "51,8": "46,4", "35,8": "46,4", "80,23": "19,17", "100,0": "46,4", "99,8": "46,4", "132,21": "19,17", "134,8": "47,4", "150,8": "18,16", "155,25": "46,4", "164,0": "46,4", "52,25": "46,4", "57,5": "46,4", "33,5": "46,4", "96,0": "19,17", "99,25": "46,4", "156,5": "45,4", "164,26": "46,4", "132,5": "46,4", "35,21": "47,28", "59,25": "46,4", "42,0": "46,4", "26,0": "46,4", "12,8": "46,4", "9,4": "46,4", "0,1": "46,4", "2,13": "46,4", "71,20": "18,17", "92,25": "46,4", "100,10": "46,4", "167,14": "18,17", "177,8": "46,5", "182,5": "46,4", "143,0": "46,4", "127,0": "46,4", "51,17": "47,28", "5,10": "46,5", "31,10": "46,5", "56,3": "46,3", "32,3": "46,4", "76,23": "19,17", "97,6": "44,7", "95,26": "46,4", "107,13": "46,5", "127,24": "46,4", "148,12": "14,25", "168,25": "47,4", "160,17": "46,4", "157,3": "46,4", "133,3": "46,4", "6,22": "38,30", "32,22": "46,3", "55,26": "46,4", "43,6": "46,4", "27,6": "46,4", "8,2": "46,4", "1,7": "46,4", "75,11": "18,17", "96,14": "19,17", "142,6": "14,26", "143,12": "14,25", "163,25": "46,4", "183,3": "46,4", "126,6": "46,4", "188,12": "18,17", "3,24": "46,3", "50,20": "45,4", "43,8": "46,4", "27,8": "46,4", "13,0": "46,4", "1,9": "46,4", "78,25": "19,16", "77,0": "46,4", "93,12": "46,4", "112,0": "46,5", "129,22": "46,3", "146,14": "21,17", "166,23": "46,4", "176,0": "46,4", "126,8": "46,4", "121,10": "46,4", "8,24": "46,3", "62,5": "46,4", "0,16": "46,4", "73,25": "18,17", "90,20": "46,4", "107,5": "46,4", "97,8": "46,4", "98,12": "46,4", "122,22": "46,4", "160,19": "46,4", "163,5": "46,4", "33,15": "18,16", "51,19": "46,4", "12,6": "46,4", "74,26": "19,17", "97,23": "46,4", "125,21": "49,12", "177,6": "46,4", "10,10": "46,5", "57,23": "46,4", "63,3": "46,3", "77,14": "18,16", "91,19": "47,4", "106,3": "46,4", "94,11": "46,4", "149,25": "19,17", "141,17": "14,26", "161,20": "46,4", "162,3": "46,4", "2,17": "46,5", "59,21": "46,4", "42,4": "46,4", "26,4": "46,4", "9,0": "46,4", "0,5": "46,4", "79,16": "18,16", "71,24": "18,17", "83,1": "46,4", "92,21": "46,4", "120,23": "46,4", "143,4": "21,16", "162,18": "46,4", "182,1": "46,4", "127,4": "46,4", "128,11": "46,4", "1,25": "46,4", "35,25": "46,4", "52,21": "46,4", "33,1": "46,4", "91,13": "45,5", "106,9": "46,4", "156,1": "44,6", "144,15": "21,16", "164,22": "46,4", "132,1": "46,4", "123,11": "46,4", "99,21": "9,15", "6,26": "46,4", "32,26": "46,4", "58,18": "46,3", "55,22": "46,4", "43,2": "46,4", "27,2": "46,4", "8,6": "46,4", "1,3": "46,4", "75,15": "18,17", "96,10": "46,4", "124,12": "46,5", "142,2": "21,16", "143,16": "21,17", "163,21": "46,4", "183,7": "46,4", "126,2": "46,4", "188,16": "18,16", "5,14": "38,31", "53,18": "46,3", "32,7": "46,4", "97,2": "45,4", "95,22": "46,3", "148,16": "21,17", "168,21": "47,4", "157,7": "46,4", "133,7": "46,4", "8,20": "38,30", "34,12": "19,17", "32,9": "46,4", "0,12": "46,4", "73,21": "18,17", "90,24": "46,4", "107,1": "46,4", "102,11": "46,4", "122,26": "46,4", "163,1": "46,4", "133,9": "46,4", "50,24": "45,4", "13,4": "46,4", "8,8": "46,4", "78,21": "19,16", "101,23": "46,4", "129,26": "46,4", "176,4": "46,4", "9,19": "39,29", "4,23": "37,30", "30,23": "46,4", "72,18": "19,17", "106,7": "46,4", "149,21": "19,16", "141,13": "21,16", "161,24": "46,4", "162,7": "46,4", "7,11": "38,30", "33,11": "18,17", "12,2": "46,4", "79,18": "18,17", "74,22": "19,17", "76,2": "46,5", "105,12": "46,4", "125,25": "46,4", "162,16": "46,3", "177,2": "46,4", "22,25": "46,4", "44,7": "46,4", "29,2": "46,4", "20,7": "46,4", "6,6": "46,4", "65,16": "18,16", "85,2": "46,5", "114,26": "46,4", "131,19": "18,16", "134,11": "47,4", "153,15": "46,4", "184,2": "46,4", "128,2": "46,4", "121,7": "46,4", "29,25": "46,4", "51,2": "46,4", "35,2": "46,4", "66,24": "19,17", "85,21": "46,4", "99,2": "46,4", "134,2": "47,4", "191,7": "46,4", "159,7": "46,4", "158,15": "45,28", "41,10": "46,5", "45,1": "46,4", "28,4": "46,4", "21,1": "46,4", "15,9": "46,4", "7,0": "46,4", "82,22": "46,4", "110,17": "46,3", "120,1": "45,4", "118,25": "46,4", "144,1": "46,5", "157,24": "46,4", "185,4": "46,4", "129,4": "46,4", "25,26": "46,4", "50,4": "46,4", "34,4": "46,4", "91,1": "46,4", "84,18": "46,3", "89,22": "46,4", "108,9": "47,4", "98,4": "46,4", "113,25": "46,4", "133,12": "46,5", "135,4": "21,16", "154,16": "46,4", "190,1": "46,4", "158,1": "46,4", "67,13": "18,16", "108,7": "47,4", "101,2": "46,4", "116,23": "46,4", "151,10": "19,17", "159,22": "46,4", "154,18": "46,4", "165,2": "46,4", "64,21": "47,4", "15,7": "46,4", "78,2": "46,5", "87,24": "46,4", "110,19": "46,4", "152,22": "45,4", "179,2": "46,4", "191,10": "46,4", "170,7": "46,4", "21,19": "45,3", "63,22": "46,4", "65,4": "46,4", "100,4": "46,4", "132,25": "46,4", "155,21": "46,4", "191,9": "46,4", "164,4": "46,4", "27,23": "46,4", "44,9": "46,4", "20,9": "46,4", "14,1": "46,4", "6,8": "46,4", "68,22": "19,17", "65,18": "18,17", "111,20": "46,4", "178,4": "46,4", "171,1": "46,4", "121,9": "46,4" }, "SNOW": 0.000000 }, "MAIN": { "MUSIC": "ATHLETIC", "OBJECTS": { "3,16": "MARIO", "13,18": "PARAGOOMBA", "16,19": "PARAGOOMBA" }, "CLASSIC_SCROLL": 0.000000, "DAREDEVIL": 0.000000, "TILES_BG": { "4,15": "9,20", "16,18": "11,20", "8,16": "11,21", "3,16": "8,21", "3,18": "8,21", "11,15": "9,21", "8,18": "11,21", "16,16": "8,20", "20,16": "9,21", "20,18": "10,20", "18,14": "8,21", "14,17": "8,20", "14,19": "11,20", "15,20": "10,21", "1,17": "8,21", "20,14": "9,21", "11,17": "10,20", "18,12": "8,20", "4,17": "9,21", "8,14": "8,20", "11,13": "9,21", "6,16": "9,20", "18,18": "11,21", "1,15": "8,21", "18,16": "11,21", "6,18": "10,21", "19,12": "9,20", "5,17": "8,21", "2,14": "9,20", "9,14": "11,20", "10,17": "10,21", "19,16": "10,21", "7,18": "11,21", "7,16": "8,21", "10,13": "10,21", "12,18": "9,21", "19,18": "10,21", "10,15": "10,21", "9,18": "11,21", "2,18": "9,21", "17,16": "11,20", "17,18": "11,21", "2,16": "9,21", "9,16": "11,21", "21,18": "9,20", "15,19": "10,21", "10,11": "9,20", "14,20": "11,21", "19,14": "10,21", "15,17": "9,20", "9,12": "8,21", "20,13": "9,20", "1,16": "8,21", "14,18": "8,21", "18,15": "11,20", "1,18": "8,21", "16,17": "8,21", "11,14": "9,21", "8,17": "11,21", "17,20": "11,21", "3,17": "8,21", "16,19": "11,21", "21,20": "9,21", "20,19": "8,21", "20,17": "9,21", "18,17": "11,21", "18,19": "11,21", "1,14": "8,20", "13,19": "8,20", "19,20": "23,17", "11,12": "9,20", "6,17": "10,20", "20,15": "9,21", "8,15": "11,20", "11,18": "10,21", "3,15": "8,20", "18,13": "8,21", "4,16": "9,21", "4,18": "9,21", "11,16": "9,21", "12,19": "9,21", "19,19": "10,21", "7,17": "11,20", "18,20": "22,17", "10,12": "10,20", "9,11": "8,20", "19,17": "8,21", "12,17": "9,20", "5,18": "8,21", "17,15": "8,20", "10,16": "10,21", "2,15": "9,21", "10,18": "10,21", "9,15": "11,21", "19,13": "10,20", "5,16": "8,20", "9,13": "8,21", "19,15": "10,21", "7,15": "8,20", "15,18": "10,20", "16,20": "11,21", "2,17": "9,21", "9,17": "11,21", "17,19": "11,21", "17,17": "11,21", "10,14": "10,21", "20,20": "10,21", "21,19": "9,21" }, "WIDTH": 24.000000, "MODIFIERS": { "19,20": "TEXT:START,CAVE" }, "HEIGHT": 22.000000, "BACKGROUND": "HILLS", "MARKERS": { "18,17": "WARP TOP", "19,20": "WARP MARKER" }, "KEEP_POWERUP": 0.000000, "RAIN": 0.000000, "TILES": { "17,21": "31,5", "3,18": "31,3", "8,18": "31,3", "2,21": "31,5", "9,21": "31,5", "21,21": "31,5", "23,20": "31,3", "1,19": "31,4", "0,20": "31,4", "15,20": "31,3", "5,20": "31,4", "4,19": "31,4", "10,20": "31,4", "11,19": "31,4", "19,21": "31,5", "12,21": "31,5", "18,18": "22,17", "7,21": "31,5", "6,18": "31,3", "11,20": "31,4", "10,19": "31,4", "4,20": "31,4", "5,19": "31,4", "6,21": "31,5", "7,18": "31,3", "13,21": "31,5", "18,21": "31,5", "19,18": "23,17", "9,18": "31,3", "2,18": "31,3", "8,21": "31,5", "3,21": "31,5", "16,21": "31,5", "20,21": "31,5", "22,20": "31,3", "14,20": "31,3", "0,19": "31,4", "1,20": "31,4", "23,21": "31,5", "15,21": "31,5", "0,21": "31,5", "1,18": "31,3", "2,20": "31,4", "9,20": "31,4", "3,19": "31,4", "8,19": "31,4", "17,20": "31,3", "21,20": "31,3", "6,19": "31,4", "7,20": "31,4", "18,17": "22,16", "18,19": "22,17", "13,19": "33,9", "19,20": "31,3", "12,20": "31,4", "11,18": "33,9", "10,21": "31,5", "4,18": "31,3", "5,21": "31,5", "12,19": "32,9", "19,19": "23,17", "13,20": "31,4", "18,20": "31,3", "7,19": "31,4", "19,17": "23,16", "6,20": "31,4", "5,18": "31,3", "4,21": "31,5", "10,18": "32,9", "11,21": "31,5", "22,21": "31,5", "1,21": "31,5", "0,18": "31,3", "14,21": "31,5", "16,20": "31,3", "8,20": "31,4", "3,20": "31,4", "9,19": "31,4", "2,19": "31,4", "20,20": "31,3" }, "SNOW": 0.000000 }, "SECRET": { "MUSIC": "SECRET", "OBJECTS": { "14,13": "COIN", "6,35": "ARROW PLATFORM", "16,33": "COIN", "18,31": "COIN", "13,14": "COIN", "9,25": "ON OFF PLATFORM", "11,32": "COIN", "16,31": "COIN", "20,31": "COIN", "9,23": "ON OFF PLATFORM", "28,7": "QUESTION BLOCK", "20,29": "COIN", "12,33": "COIN", "20,27": "COIN", "15,30": "COIN", "5,30": "ON OFF PLATFORM", "15,32": "COIN", "29,7": "BUMP BLOCK", "14,33": "COIN", "6,30": "ON OFF PLATFORM", "9,24": "ON OFF PLATFORM", "11,14": "COIN", "10,23": "ON OFF BLOCK", "23,7": "3UP MOON", "9,26": "ON OFF PLATFORM", "25,4": "MULTICOIN SHROOM BLOCK", "21,28": "COIN", "13,32": "COIN", "8,30": "ON OFF PLATFORM", "22,27": "COIN", "17,30": "COIN", "10,33": "COIN", "21,30": "COIN", "12,13": "COIN", "7,30": "ON OFF PLATFORM", "19,30": "COIN", "9,32": "COIN" }, "CLASSIC_SCROLL": 0.000000, "DAREDEVIL": 0.000000, "TILES_BG": { "1,13": "21,16", "1,19": "21,16", "1,17": "21,16", "1,11": "21,16", "1,15": "21,16", "1,30": "21,17", "28,11": "21,17", "28,9": "21,17", "27,1": "19,17", "1,26": "21,17", "28,34": "21,16", "1,28": "21,17", "1,4": "21,16", "1,22": "21,17", "28,30": "21,16", "28,15": "21,17", "28,38": "21,16", "1,2": "21,16", "1,24": "21,17", "28,36": "21,16", "28,13": "21,17", "28,17": "21,17", "28,19": "21,17", "1,8": "21,17", "1,6": "25,20", "1,20": "21,17", "28,32": "21,16", "26,1": "18,17", "1,16": "21,17", "1,18": "21,17", "1,12": "21,17", "1,14": "21,17", "1,10": "21,17", "1,23": "21,16", "28,31": "21,17", "1,5": "21,17", "28,14": "21,16", "28,10": "21,16", "28,8": "21,16", "1,29": "21,16", "1,27": "21,16", "28,35": "21,17", "28,18": "21,16", "28,16": "21,16", "1,21": "21,16", "28,33": "21,17", "1,7": "21,16", "1,9": "21,16", "1,25": "21,16", "28,37": "21,17", "1,3": "21,17", "28,39": "21,17", "28,12": "21,16" }, "WIDTH": 30.000000, "MODIFIERS": { "28,7": "GREEN YOSHI", "27,1": "TEXT:RETURN,CAVE", "2,36": "DESTINATION:START" }, "HEIGHT": 40.000000, "BACKGROUND": "CAVE ENTRANCE", "MARKERS": { "4,36": "UP", "27,1": "WARP MARKER", "26,4": "WARP BOTTOM" }, "KEEP_POWERUP": 0.000000, "RAIN": 0.000000, "TILES": { "4,15": "20,16", "4,7": "21,16", "25,35": "21,17", "10,22": "14,26", "16,18": "21,16", "5,1": "46,5", "23,0": "46,4", "0,24": "46,4", "17,8": "20,17", "29,36": "46,4", "3,16": "21,17", "12,29": "21,16", "22,36": "21,16", "6,10": "21,17", "12,27": "21,16", "22,38": "21,16", "27,30": "21,16", "3,18": "21,17", "17,6": "25,20", "29,38": "46,4", "16,16": "20,16", "2,21": "21,16", "16,0": "46,4", "1,13": "47,4", "22,8": "20,16", "9,21": "20,17", "4,9": "21,16", "20,33": "14,25", "2,4": "21,16", "11,30": "21,17", "27,15": "21,17", "28,24": "45,4", "3,2": "21,16", "20,16": "21,16", "1,36": "47,4", "23,24": "21,16", "18,0": "46,4", "25,10": "21,16", "11,5": "21,17", "20,18": "21,16", "18,35": "20,17", "1,38": "47,4", "4,30": "20,17", "22,13": "21,17", "29,13": "46,4", "10,3": "21,17", "19,6": "26,20", "24,29": "14,25", "27,11": "21,17", "22,19": "21,17", "3,39": "19,17", "24,1": "46,5", "2,0": "46,4", "29,19": "46,4", "10,9": "21,16", "24,23": "14,25", "28,20": "45,4", "3,6": "25,20", "20,12": "20,16", "1,32": "47,4", "11,1": "46,5", "25,9": "21,17", "18,4": "21,16", "25,14": "21,16", "3,8": "21,17", "29,17": "46,4", "19,2": "20,16", "10,7": "21,16", "21,25": "21,17", "22,17": "21,17", "3,37": "19,17", "1,19": "47,4", "4,3": "21,17", "18,14": "21,16", "4,11": "21,16", "20,39": "21,17", "25,31": "21,17", "3,12": "21,17", "17,25": "20,17", "0,20": "46,4", "5,5": "21,17", "8,12": "21,17", "29,32": "46,4", "14,17": "14,25", "17,2": "21,16", "14,19": "21,17", "19,23": "14,25", "11,11": "14,26", "6,14": "21,17", "27,34": "21,16", "1,17": "47,4", "16,4": "21,16", "10,28": "21,17", "20,37": "21,17", "2,25": "21,16", "18,2": "21,16", "25,12": "21,16", "11,7": "21,16", "18,37": "20,17", "28,28": "45,4", "22,11": "20,17", "27,19": "21,17", "10,1": "46,5", "29,11": "46,4", "19,4": "20,16", "24,9": "21,17", "2,8": "21,17", "21,23": "14,25", "2,6": "25,20", "24,25": "20,17", "27,17": "21,17", "25,1": "46,5", "3,0": "46,4", "28,26": "45,4", "20,14": "21,16", "11,9": "21,16", "18,39": "20,17", "1,34": "47,4", "6,12": "21,17", "27,32": "21,16", "17,4": "21,16", "19,25": "21,17", "0,28": "46,4", "16,14": "20,16", "2,23": "21,16", "1,11": "47,4", "16,2": "21,16", "25,39": "21,17", "4,19": "20,16", "4,5": "21,17", "10,20": "21,16", "15,28": "21,17", "25,37": "21,17", "4,17": "20,16", "0,26": "46,4", "5,3": "21,17", "8,14": "21,17", "29,34": "46,4", "11,19": "14,25", "3,14": "21,17", "22,34": "21,16", "17,23": "14,25", "17,0": "46,4", "23,8": "21,16", "5,9": "21,16", "12,21": "21,17", "27,36": "21,16", "1,15": "47,4", "16,6": "25,20", "18,18": "21,16", "9,27": "20,16", "20,35": "21,17", "13,18": "20,16", "2,27": "21,16", "2,29": "21,16", "4,1": "46,5", "22,0": "46,4", "18,16": "21,16", "16,8": "21,17", "4,13": "21,16", "9,29": "20,16", "25,33": "21,17", "3,10": "21,17", "17,27": "21,16", "27,38": "21,16", "0,22": "46,4", "5,7": "21,16", "8,10": "21,17", "29,30": "46,4", "11,3": "21,17", "18,6": "25,20", "25,16": "21,16", "18,33": "14,25", "19,0": "46,4", "29,15": "46,4", "10,5": "21,17", "22,15": "21,17", "3,35": "19,16", "27,13": "21,17", "2,2": "21,16", "28,22": "45,4", "3,4": "21,16", "25,18": "21,16", "1,30": "47,4", "7,3": "21,17", "26,17": "21,17", "29,1": "46,4", "6,5": "21,17", "29,26": "46,4", "21,14": "21,16", "19,39": "21,17", "0,34": "46,4", "24,12": "21,16", "19,37": "21,17", "29,28": "46,4", "14,2": "21,16", "28,11": "45,4", "20,23": "14,25", "28,9": "45,4", "23,11": "21,17", "15,4": "21,16", "26,19": "21,17", "27,1": "46,5", "1,0": "46,4", "8,5": "21,17", "13,9": "14,26", "11,20": "21,16", "14,28": "21,17", "24,37": "21,17", "0,6": "46,4", "9,3": "21,17", "2,14": "21,17", "23,34": "21,16", "1,26": "47,4", "9,14": "20,17", "28,34": "45,4", "10,19": "14,25", "18,25": "21,17", "1,28": "47,4", "4,20": "20,17", "12,1": "46,5", "0,8": "46,4", "26,9": "21,17", "7,12": "21,17", "26,32": "21,16", "0,11": "46,4", "24,39": "21,17", "17,14": "21,16", "13,7": "21,16", "3,23": "21,16", "19,16": "21,16", "5,13": "21,16", "24,33": "21,17", "8,1": "46,5", "1,4": "47,4", "3,29": "21,16", "1,22": "47,4", "9,10": "21,17", "28,30": "45,4", "0,2": "46,4", "26,3": "18,17", "9,7": "21,16", "2,10": "21,17", "16,27": "21,16", "23,30": "20,16", "26,38": "21,16", "12,5": "21,17", "13,21": "20,17", "9,9": "21,16", "26,36": "21,16", "4,24": "20,17", "13,3": "21,17", "3,27": "21,16", "0,15": "46,4", "19,18": "21,16", "21,35": "21,17", "28,3": "45,4", "26,13": "21,17", "7,7": "21,16", "29,22": "46,4", "24,18": "21,16", "0,30": "46,4", "6,1": "46,5", "20,0": "46,4", "29,5": "46,4", "14,8": "21,17", "14,6": "25,20", "24,16": "21,16", "19,33": "14,25", "15,0": "46,4", "23,15": "21,17", "7,9": "21,16", "2,35": "18,16", "28,15": "45,4", "18,27": "20,16", "28,38": "45,4", "4,22": "20,17", "12,3": "21,17", "7,10": "21,17", "13,27": "21,16", "23,38": "21,16", "26,30": "21,16", "2,18": "21,17", "0,13": "46,4", "21,33": "14,25", "13,5": "21,17", "17,16": "21,16", "8,9": "21,16", "3,21": "21,16", "1,2": "47,4", "27,3": "19,17", "17,18": "21,16", "12,10": "20,17", "8,7": "21,16", "24,35": "21,17", "11,22": "14,26", "5,15": "14,26", "9,1": "46,5", "0,4": "46,4", "2,16": "21,17", "13,29": "20,16", "23,36": "21,16", "1,24": "47,4", "28,36": "45,4", "24,10": "21,16", "21,18": "21,16", "19,35": "21,17", "0,38": "46,4", "14,0": "46,4", "6,9": "21,16", "28,13": "45,4", "25,29": "14,25", "15,6": "25,20", "23,13": "21,17", "7,1": "46,5", "21,0": "46,4", "28,5": "45,4", "26,15": "21,17", "15,8": "21,17", "10,30": "21,17", "29,3": "46,4", "6,7": "21,16", "22,24": "21,16", "29,24": "46,4", "21,16": "21,16", "0,36": "46,4", "29,9": "46,4", "14,4": "21,16", "24,14": "21,16", "15,2": "21,16", "23,17": "21,17", "2,37": "18,17", "28,17": "45,4", "20,25": "21,17", "28,19": "45,4", "28,1": "44,6", "26,11": "21,17", "7,5": "21,17", "23,19": "21,17", "2,39": "18,17", "29,20": "46,4", "21,12": "21,16", "0,32": "46,4", "6,3": "21,17", "12,7": "21,16", "7,14": "21,17", "26,34": "21,16", "15,19": "21,17", "4,26": "20,17", "18,23": "14,25", "10,11": "14,26", "13,1": "46,5", "1,8": "47,4", "27,9": "21,17", "3,25": "21,16", "0,17": "46,4", "11,28": "21,17", "21,37": "21,17", "0,19": "46,4", "19,14": "21,16", "5,11": "21,16", "21,39": "21,17", "24,31": "21,17", "1,6": "47,4", "8,3": "21,17", "1,20": "47,4", "9,12": "20,17", "28,32": "45,4", "4,28": "20,17", "15,17": "14,25", "26,1": "46,5", "0,0": "46,4", "9,5": "21,17", "12,9": "20,16", "2,12": "21,17", "23,32": "20,16", "29,16": "46,4", "19,3": "20,17", "10,6": "25,20", "21,24": "21,16", "22,16": "21,16", "3,36": "19,17", "11,0": "46,4", "25,8": "21,16", "18,5": "21,17", "25,15": "21,17", "3,9": "21,16", "13,30": "20,17", "26,29": "14,25", "28,21": "45,4", "20,13": "20,17", "3,7": "21,16", "1,33": "47,4", "27,10": "21,16", "22,18": "21,16", "3,38": "19,17", "2,1": "46,5", "24,0": "46,4", "29,18": "46,4", "10,8": "21,17", "1,16": "47,4", "16,5": "21,17", "10,29": "21,16", "20,36": "21,16", "2,24": "21,17", "16,13": "14,25", "17,3": "21,17", "14,18": "21,16", "11,10": "21,17", "27,35": "21,17", "12,22": "14,26", "6,15": "14,26", "3,13": "21,16", "17,24": "20,16", "22,33": "14,25", "0,21": "46,4", "5,4": "21,16", "8,13": "21,16", "29,33": "46,4", "1,18": "47,4", "4,2": "21,16", "18,15": "21,17", "4,10": "21,17", "10,27": "21,16", "20,38": "21,16", "25,30": "21,16", "16,17": "20,17", "2,20": "21,17", "16,1": "46,5", "1,12": "47,4", "22,9": "20,17", "9,20": "20,16", "4,8": "21,17", "6,11": "21,16", "22,39": "21,17", "27,31": "21,17", "3,19": "21,16", "17,7": "20,16", "29,39": "46,4", "23,1": "46,5", "5,0": "46,4", "0,25": "46,4", "29,37": "46,4", "17,9": "14,26", "12,28": "21,17", "22,37": "21,17", "3,17": "21,16", "4,6": "25,20", "4,14": "21,17", "25,34": "21,16", "16,19": "21,17", "22,12": "21,16", "29,12": "46,4", "10,2": "21,16", "19,7": "14,26", "18,1": "46,5", "25,11": "21,17", "11,4": "21,16", "20,19": "21,17", "18,34": "20,16", "1,39": "47,4", "28,25": "45,4", "3,3": "21,17", "20,17": "21,17", "1,37": "47,4", "23,25": "21,17", "2,5": "21,17", "27,14": "21,16", "3,11": "21,16", "17,26": "24,20", "27,39": "21,17", "0,23": "46,4", "5,6": "25,20", "8,11": "21,16", "29,31": "46,4", "2,28": "21,17", "13,17": "14,25", "22,1": "46,5", "4,0": "46,4", "18,17": "21,17", "4,12": "21,17", "9,28": "20,17", "25,32": "21,16", "16,9": "14,26", "1,14": "47,4", "18,19": "21,17", "16,7": "21,16", "20,34": "21,16", "13,19": "20,17", "2,26": "21,17", "17,1": "46,5", "23,9": "21,17", "5,8": "21,17", "12,20": "21,16", "17,28": "21,17", "27,37": "21,17", "23,23": "14,25", "28,23": "45,4", "3,5": "21,17", "25,19": "21,17", "1,31": "47,4", "20,11": "14,25", "27,12": "21,16", "2,3": "21,17", "19,1": "46,5", "29,14": "46,4", "10,4": "21,16", "22,14": "21,16", "11,2": "21,16", "25,17": "21,17", "18,7": "14,26", "3,1": "46,5", "25,0": "46,4", "20,15": "21,17", "11,8": "21,17", "18,38": "20,16", "28,27": "45,4", "1,35": "47,4", "2,7": "21,16", "24,24": "20,16", "27,16": "21,16", "22,10": "20,16", "27,18": "21,16", "3,30": "21,17", "10,0": "46,4", "29,10": "46,4", "19,5": "20,17", "24,8": "21,16", "2,9": "21,16", "23,29": "14,25", "18,3": "21,17", "11,6": "25,20", "25,13": "21,17", "18,36": "20,16", "28,29": "45,4", "5,2": "21,16", "29,35": "46,4", "0,27": "46,4", "8,15": "14,26", "3,15": "21,16", "22,35": "21,17", "4,4": "21,16", "10,21": "21,17", "4,16": "20,17", "25,36": "21,16", "18,13": "14,25", "16,15": "20,17", "2,22": "21,17", "1,10": "47,4", "16,3": "21,17", "15,27": "21,16", "25,38": "21,16", "4,18": "20,17", "9,22": "14,26", "6,13": "21,16", "27,33": "21,17", "17,5": "21,17", "19,24": "21,16", "0,29": "46,4", "13,2": "21,16", "3,26": "21,17", "12,19": "14,25", "0,14": "46,4", "19,19": "21,17", "21,34": "21,16", "12,4": "21,16", "13,20": "20,16", "9,8": "21,17", "16,28": "21,17", "26,37": "21,17", "4,25": "20,16", "1,23": "47,4", "9,11": "20,16", "28,31": "45,4", "0,3": "46,4", "26,2": "18,17", "9,6": "25,20", "2,11": "21,16", "23,31": "20,17", "26,39": "21,17", "19,17": "21,17", "5,12": "21,17", "24,32": "21,16", "8,0": "46,4", "1,5": "47,4", "27,4": "19,16", "3,28": "21,17", "15,1": "46,5", "23,14": "21,16", "7,8": "21,17", "28,14": "45,4", "14,7": "21,16", "24,17": "21,17", "29,23": "46,4", "24,19": "21,17", "0,31": "46,4", "21,11": "14,25", "20,1": "46,5", "6,0": "46,4", "29,4": "46,4", "22,23": "14,25", "14,9": "14,26", "28,2": "45,4", "7,6": "25,20", "26,12": "21,16", "28,10": "45,4", "9,30": "20,17", "28,8": "45,3", "23,10": "21,16", "15,5": "21,17", "26,18": "21,16", "2,30": "21,17", "24,13": "21,17", "19,36": "21,16", "29,29": "46,4", "14,3": "21,17", "29,0": "46,4", "6,4": "21,16", "21,15": "21,17", "19,38": "21,16", "29,27": "46,4", "0,35": "46,4", "28,6": "45,5", "7,2": "21,16", "26,16": "21,16", "0,10": "46,4", "14,27": "21,16", "24,38": "21,16", "13,6": "25,20", "17,15": "21,17", "3,22": "21,17", "18,24": "21,16", "1,29": "47,4", "4,21": "20,16", "12,0": "46,4", "0,9": "46,4", "26,8": "21,16", "7,13": "21,16", "26,33": "21,17", "0,7": "46,4", "9,2": "21,16", "2,15": "21,16", "23,35": "21,17", "28,35": "45,4", "1,27": "47,4", "9,15": "14,26", "27,0": "46,4", "1,1": "43,6", "8,4": "21,16", "13,8": "21,17", "11,21": "21,17", "24,36": "21,16", "19,13": "14,25", "29,21": "46,4", "21,13": "21,17", "0,33": "46,4", "29,6": "46,5", "6,2": "21,16", "27,29": "14,25", "28,18": "45,4", "28,0": "46,4", "26,10": "21,16", "7,4": "21,16", "23,18": "21,16", "2,38": "18,17", "15,3": "21,17", "23,16": "21,16", "2,36": "18,17", "28,16": "45,4", "20,24": "21,16", "29,8": "46,3", "14,5": "21,17", "12,30": "21,17", "24,15": "21,17", "1,21": "47,4", "9,13": "20,16", "28,33": "45,4", "4,29": "20,16", "26,0": "46,4", "0,1": "46,4", "9,4": "21,16", "12,8": "21,17", "2,13": "21,16", "23,33": "20,17", "0,18": "46,4", "19,15": "21,17", "5,10": "21,17", "11,27": "21,16", "21,38": "21,16", "24,30": "21,16", "1,7": "47,4", "8,2": "21,16", "13,0": "46,4", "1,9": "47,4", "27,8": "21,16", "3,24": "21,17", "17,13": "14,25", "0,16": "46,4", "11,29": "21,16", "21,36": "21,16", "12,6": "25,20", "26,35": "21,17", "13,22": "14,26", "7,15": "14,26", "15,18": "21,16", "10,10": "21,17", "4,27": "20,16", "9,0": "46,4", "0,5": "46,4", "26,4": "18,16", "13,28": "21,17", "23,37": "21,17", "2,17": "21,16", "1,25": "47,4", "18,28": "20,17", "28,37": "45,4", "1,3": "47,4", "27,2": "19,17", "8,6": "25,20", "17,19": "21,17", "12,11": "14,26", "5,14": "21,17", "24,34": "21,16", "0,12": "46,4", "13,4": "21,16", "17,17": "21,17", "8,8": "21,17", "3,20": "21,17", "18,26": "26,20", "28,39": "45,4", "4,23": "20,16", "9,19": "14,25", "12,2": "21,16", "7,11": "21,16", "23,39": "21,17", "26,31": "21,17", "2,19": "21,16", "29,2": "46,4", "6,6": "25,20", "22,25": "21,17", "29,25": "46,4", "21,17": "21,17", "0,37": "46,4", "21,1": "46,5", "7,0": "46,4", "28,4": "45,4", "26,14": "21,16", "15,9": "14,26", "28,12": "45,4", "23,12": "21,16", "15,7": "21,16", "24,11": "21,17", "21,19": "21,17", "19,34": "21,16", "0,39": "46,4", "14,1": "46,5", "6,8": "21,17" }, "SNOW": 0.000000 }, "END": { "MUSIC": "ATHLETIC", "OBJECTS": { "34,24": "END CASTLE", "24,14": "FLAGPOLE", "18,23": "SLEDGE BRO", "24,24": "BUMP BLOCK" }, "CLASSIC_SCROLL": 0.000000, "DAREDEVIL": 0.000000, "TILES_BG": { "8,18": "10,20", "9,21": "9,21", "15,24": "10,21", "28,24": "8,20", "23,24": "11,21", "26,22": "9,21", "24,23": "11,21", "23,20": "8,20", "41,22": "9,21", "21,25": "10,21", "7,23": "11,21", "38,23": "10,20", "17,25": "8,21", "12,23": "8,21", "9,25": "10,21", "2,25": "8,21", "36,25": "8,21", "26,20": "9,21", "41,24": "9,21", "21,23": "10,20", "24,25": "11,21", "12,25": "11,21", "19,25": "8,21", "9,23": "10,20", "38,25": "10,21", "7,25": "11,21", "17,23": "8,21", "31,24": "9,21", "5,24": "10,21", "15,22": "11,20", "7,21": "11,21", "10,24": "9,21", "26,24": "10,21", "24,21": "11,21", "23,22": "11,21", "25,18": "10,20", "25,25": "10,21", "40,24": "10,21", "20,23": "8,21", "26,19": "9,21", "6,25": "11,21", "39,25": "11,21", "16,23": "9,21", "18,25": "9,21", "13,25": "10,21", "8,23": "10,21", "3,23": "8,21", "37,23": "8,21", "11,24": "8,20", "32,21": "8,20", "6,21": "11,20", "7,18": "8,21", "30,24": "10,21", "4,24": "11,21", "14,22": "8,20", "25,21": "10,21", "29,22": "8,20", "24,18": "8,21", "22,22": "8,21", "27,24": "9,21", "9,18": "9,20", "30,22": "9,20", "14,24": "11,21", "8,21": "10,21", "16,21": "9,20", "22,24": "11,21", "29,24": "11,20", "40,22": "11,20", "20,25": "11,21", "25,23": "10,21", "13,23": "10,20", "18,23": "9,21", "37,25": "11,21", "3,25": "11,21", "8,25": "10,21", "39,23": "11,20", "6,23": "11,21", "16,25": "11,21", "21,24": "10,21", "41,23": "9,21", "23,21": "11,20", "24,22": "11,21", "15,21": "8,20", "9,24": "10,21", "2,24": "8,20", "36,24": "8,20", "12,22": "8,20", "17,24": "8,21", "7,22": "11,21", "38,22": "9,20", "9,20": "9,21", "15,25": "10,21", "31,23": "9,20", "8,19": "10,21", "5,23": "10,21", "8,17": "9,20", "10,23": "9,20", "26,23": "10,20", "28,25": "8,21", "23,25": "11,21", "7,20": "11,20", "10,25": "9,21", "15,23": "10,20", "5,25": "19,17", "23,23": "11,21", "25,19": "10,21", "24,20": "11,20", "25,17": "9,20", "41,21": "9,20", "26,25": "10,21", "24,24": "11,21", "21,22": "9,20", "26,21": "9,21", "41,25": "9,21", "17,22": "8,20", "38,24": "10,21", "7,24": "11,21", "9,22": "9,21", "12,24": "11,20", "5,21": "8,20", "19,24": "8,20", "14,23": "11,20", "7,17": "8,20", "4,25": "18,17", "30,25": "10,21", "7,19": "8,21", "11,25": "8,21", "6,20": "8,20", "40,21": "8,20", "27,25": "9,21", "24,17": "8,20", "29,23": "8,21", "24,19": "8,21", "22,23": "11,20", "25,20": "10,21", "20,22": "8,20", "26,18": "9,20", "40,25": "10,21", "25,24": "10,21", "8,22": "10,21", "3,22": "8,20", "37,22": "8,20", "18,24": "9,21", "13,24": "10,21", "16,22": "9,21", "6,24": "11,21", "39,24": "11,21", "22,21": "8,20", "25,22": "10,21", "20,24": "11,20", "40,23": "10,20", "16,24": "11,21", "39,22": "8,20", "6,22": "11,21", "37,24": "11,20", "3,24": "11,20", "8,24": "10,21", "13,22": "9,20", "18,22": "9,20", "14,25": "11,21", "8,20": "10,21", "9,19": "9,21", "30,23": "10,20", "4,23": "11,21", "22,25": "11,21", "29,25": "11,21", "27,23": "9,20" }, "WIDTH": 44.000000, "MODIFIERS": { "4,23": "DESTINATION:START" }, "HEIGHT": 27.000000, "BACKGROUND": "HILLS", "MARKERS": { "6,23": "UP" }, "KEEP_POWERUP": 0.000000, "RAIN": 0.000000, "TILES": { "5,22": "19,16", "41,26": "31,5", "26,26": "31,5", "21,25": "31,3", "10,26": "31,5", "17,25": "31,3", "31,26": "31,5", "5,26": "31,5", "9,25": "31,3", "2,25": "31,3", "36,25": "31,3", "24,25": "31,3", "28,26": "31,5", "23,26": "31,5", "12,25": "31,3", "19,25": "31,3", "15,26": "31,5", "38,25": "31,3", "7,25": "31,3", "33,25": "31,3", "34,26": "31,5", "0,26": "31,5", "5,24": "19,17", "43,25": "31,3", "25,25": "31,3", "22,26": "31,5", "29,26": "31,5", "6,25": "31,3", "32,25": "31,3", "39,25": "31,3", "16,23": "9,20", "35,26": "31,5", "1,26": "31,5", "18,25": "31,3", "13,25": "31,3", "14,26": "31,5", "4,24": "18,17", "42,25": "31,3", "4,22": "18,16", "40,26": "31,5", "27,26": "31,5", "20,25": "31,3", "30,26": "31,5", "4,26": "31,5", "3,25": "31,3", "37,25": "31,3", "8,25": "31,3", "11,26": "31,5", "16,25": "31,3", "41,23": "9,20", "43,26": "31,5", "15,25": "31,3", "12,26": "31,5", "19,26": "31,5", "5,23": "19,17", "0,25": "31,3", "34,25": "31,3", "38,26": "31,5", "33,26": "31,5", "7,26": "31,5", "28,25": "31,3", "23,25": "31,3", "24,26": "31,5", "17,26": "31,5", "10,25": "31,3", "9,26": "31,5", "36,26": "31,5", "2,26": "31,5", "5,25": "31,3", "31,25": "31,3", "21,26": "31,5", "26,25": "31,3", "41,25": "31,3", "37,26": "31,5", "3,26": "31,5", "8,26": "31,5", "4,25": "31,3", "30,25": "31,3", "16,26": "31,5", "11,25": "31,3", "20,26": "31,5", "27,25": "31,3", "40,25": "31,3", "42,26": "31,5", "1,25": "31,3", "35,25": "31,3", "32,26": "31,5", "6,26": "31,5", "39,26": "31,5", "14,25": "31,3", "18,26": "31,5", "4,23": "18,17", "13,26": "31,5", "22,25": "31,3", "29,25": "31,3", "25,26": "31,5" }, "SNOW": 0.000000 } }