{ "MAIN": { "MUSIC": "ATHLETIC", "OBJECTS": { "16,18": "GOOMBA", "8,18": "COIN", "6,18": "COIN", "5,17": "COIN", "7,18": "COIN", "12,18": "GOOMBA", "14,18": "GOOMBA", "3,19": "MARIO", "8,17": "COIN", "6,17": "COIN", "7,17": "COIN", "5,18": "COIN" }, "CLASSIC_SCROLL": 0.000000, "DAREDEVIL": 0.000000, "TILES_BG": { "20,19": "18,17", "21,19": "19,17" }, "WIDTH": 24.000000, "MODIFIERS": { "20,19": "TEXT:START,MAZE1" }, "HEIGHT": 24.000000, "BACKGROUND": "MOUNTAIN", "MARKERS": { "20,16": "WARP TOP", "20,19": "WARP MARKER" }, "KEEP_POWERUP": 0.000000, "RAIN": 0.000000, "TILES": { "10,22": "31,4", "17,21": "31,4", "5,22": "31,4", "2,21": "31,3", "9,21": "31,3", "20,16": "18,16", "20,18": "18,17", "21,21": "31,4", "22,19": "31,3", "23,20": "31,4", "7,23": "31,5", "14,19": "31,3", "19,23": "31,5", "12,23": "31,5", "15,20": "31,4", "21,23": "31,5", "2,23": "31,5", "9,23": "31,5", "10,20": "30,9", "17,23": "31,5", "19,21": "31,4", "12,21": "31,4", "15,22": "31,4", "7,21": "31,3", "0,22": "31,4", "23,22": "31,4", "20,23": "31,5", "11,20": "31,9", "16,23": "31,5", "8,23": "31,5", "3,23": "31,5", "6,21": "31,3", "1,22": "31,4", "13,21": "31,4", "18,21": "31,4", "14,22": "31,4", "22,22": "31,4", "4,22": "31,4", "8,21": "31,3", "3,21": "31,3", "11,22": "31,4", "16,21": "31,4", "21,18": "19,17", "20,21": "31,4", "21,16": "19,16", "23,19": "31,3", "22,20": "31,4", "13,23": "31,5", "15,19": "31,3", "18,23": "31,5", "14,20": "31,4", "6,23": "31,5", "23,21": "31,4", "15,21": "31,4", "19,22": "31,4", "12,22": "31,4", "0,21": "31,3", "7,22": "31,4", "5,23": "31,5", "17,20": "31,4", "10,23": "31,5", "16,19": "31,3", "21,20": "31,4", "20,19": "31,3", "20,17": "18,17", "0,23": "31,5", "18,19": "31,3", "15,23": "31,5", "13,19": "31,9", "19,20": "31,4", "12,20": "31,4", "23,23": "31,5", "21,22": "31,4", "17,22": "31,4", "10,21": "31,4", "2,22": "31,4", "9,22": "31,4", "5,21": "31,3", "12,19": "30,9", "19,19": "31,3", "14,23": "31,5", "13,20": "31,4", "18,20": "31,4", "1,23": "31,5", "22,23": "31,5", "20,22": "31,4", "8,22": "31,4", "3,22": "31,4", "4,21": "31,3", "16,22": "31,4", "11,21": "31,4", "22,21": "31,4", "1,21": "31,3", "6,22": "31,4", "14,21": "31,4", "13,22": "31,4", "18,22": "31,4", "16,20": "31,4", "17,19": "31,3", "11,23": "31,5", "4,23": "31,5", "21,17": "19,17", "20,20": "31,4", "21,19": "31,3" }, "SNOW": 0.000000 }, "MAZE1": { "MUSIC": "CAVE", "OBJECTS": { "52,57": "COIN", "15,24": "COIN", "1,38": "SUPER SPRING", "17,25": "COIN", "13,54": "PIRANHA PLANT", "36,46": "P-SWITCH", "56,60": "COIN", "35,55": "MULTICOIN BLOCK", "51,46": "MULTICOIN BLOCK", "47,54": "COIN", "7,56": "QUESTION BLOCK", "57,60": "COIN", "47,46": "BUZZY BEETLE", "24,56": "BUZZY BEETLE", "46,54": "COIN", "14,24": "COIN", "44,17": "PIRANHA PLANT", "6,42": "DOWN PIRANHA PLANT", "23,19": "DOWN PIRANHA PLANT", "26,34": "QUESTION BLOCK", "16,25": "COIN", "53,53": "DOWN PIRANHA PLANT", "29,16": "HIDDEN BLOCK", "39,30": "SUPER SPRING", "50,57": "COIN", "17,24": "COIN", "15,25": "COIN", "9,45": "PIRANHA PLANT", "45,54": "COIN", "42,17": "PIRANHA PLANT", "30,16": "HIDDEN BLOCK", "22,23": "BUZZY BEETLE", "9,30": "BUZZY BEETLE", "28,8": "BUZZY BEETLE", "48,17": "PIRANHA PLANT", "6,41": "PIRANHA PLANT", "15,50": "DOWN PIRANHA PLANT", "55,60": "COIN", "10,56": "BUZZY BEETLE", "31,16": "HIDDEN BLOCK", "46,17": "PIRANHA PLANT", "16,24": "COIN", "51,57": "COIN", "14,25": "COIN", "20,7": "BUZZY BEETLE", "23,52": "BUZZY BEETLE" }, "CLASSIC_SCROLL": 0.000000, "DAREDEVIL": 0.000000, "TILES_BG": { }, "WIDTH": 67.000000, "MODIFIERS": { "7,56": "FIRE FLOWER", "5,55": "DESTINATION:START", "26,34": "1UP", "66,59": "TEXT:START,MAZE2" }, "HEIGHT": 64.000000, "BACKGROUND": "PIPES", "MARKERS": { "16,16": "WARP RIGHT", "27,55": "WARP TOP", "45,17": "WARP TOP", "42,50": "WARP BOTTOM", "37,37": "DOWN", "32,14": "WARP LEFT", "27,59": "RIGHT", "63,58": "WARP LEFT", "23,43": "DOWN", "27,38": "WARP BOTTOM", "28,34": "LEFT", "41,17": "WARP TOP", "29,22": "WARP TOP", "22,20": "WARP BOTTOM", "66,59": "WARP MARKER", "47,17": "WARP TOP", "38,43": "WARP BOTTOM", "32,57": "WARP RIGHT", "17,43": "WARP LEFT", "21,49": "WARP BOTTOM", "12,17": "UP", "43,17": "WARP TOP", "26,58": "UP", "38,36": "RIGHT", "41,37": "WARP RIGHT", "22,42": "LEFT", "7,55": "UP", "30,27": "LEFT", "42,47": "WARP TOP" }, "KEEP_POWERUP": 0.000000, "RAIN": 0.000000, "TILES": { "3,58": "21,17", "25,35": "20,16", "37,58": "19,17", "42,31": "21,16", "38,27": "19,17", "13,10": "18,16", "16,18": "21,16", "7,27": "18,17", "24,42": "19,16", "5,62": "18,17", "8,58": "21,17", "49,31": "20,16", "8,16": "21,16", "14,13": "19,17", "23,41": "18,17", "29,36": "36,16", "17,8": "20,16", "35,53": "21,17", "62,48": "21,17", "45,32": "21,17", "50,12": "37,16", "37,16": "21,16", "22,38": "19,17", "30,55": "19,17", "37,18": "18,16", "32,10": "18,17", "27,30": "18,17", "11,15": "18,17", "8,18": "35,16", "16,58": "21,17", "29,38": "18,17", "41,43": "19,17", "31,22": "20,16", "16,16": "20,16", "7,29": "18,17", "21,44": "34,17", "43,48": "19,17", "37,56": "19,17", "48,48": "21,17", "38,29": "19,17", "35,13": "21,17", "14,38": "19,17", "33,42": "36,16", "39,35": "19,17", "64,59": "21,17", "43,23": "18,17", "19,8": "21,16", "6,35": "21,16", "10,47": "21,16", "20,58": "21,17", "42,54": "18,16", "38,42": "18,17", "45,19": "18,17", "48,23": "19,17", "27,15": "18,17", "1,36": "21,17", "22,53": "25,20", "35,36": "21,16", "65,60": "21,16", "52,32": "34,17", "47,12": "21,16", "28,24": "19,16", "25,3": "21,17", "17,44": "20,17", "16,33": "19,16", "29,53": "34,17", "53,45": "19,17", "44,20": "19,17", "13,35": "18,17", "19,42": "21,17", "5,47": "21,16", "43,63": "19,17", "41,26": "18,17", "49,14": "18,17", "11,5": "18,17", "20,18": "21,16", "12,42": "35,17", "18,35": "19,16", "40,51": "18,17", "25,10": "21,17", "27,55": "18,16", "15,41": "21,16", "45,17": "18,16", "8,33": "35,16", "14,36": "19,17", "54,48": "21,17", "46,25": "19,17", "22,19": "18,17", "42,50": "18,16", "48,27": "19,17", "27,11": "18,17", "11,34": "18,17", "41,62": "19,17", "33,46": "18,17", "39,31": "21,16", "43,27": "18,16", "23,20": "19,16", "16,37": "19,17", "19,48": "21,16", "29,57": "34,16", "34,45": "19,17", "53,41": "19,17", "44,24": "19,17", "30,2": "21,16", "17,40": "18,16", "12,48": "21,17", "22,57": "21,16", "52,36": "18,17", "28,20": "19,17", "27,51": "25,20", "40,55": "18,17", "60,62": "18,17", "52,38": "18,17", "47,18": "18,17", "25,14": "19,17", "25,9": "21,16", "16,39": "19,17", "5,43": "18,16", "29,59": "21,16", "56,47": "21,16", "66,58": "21,16", "41,22": "18,17", "7,48": "21,17", "33,48": "36,17", "46,21": "19,17", "19,2": "21,16", "22,17": "18,17", "28,60": "35,17", "38,48": "21,17", "37,37": "20,17", "48,29": "19,17", "45,13": "21,17", "13,14": "18,17", "7,23": "18,17", "33,23": "37,17", "20,39": "19,17", "6,54": "19,16", "60,47": "21,16", "38,23": "19,17", "22,2": "21,16", "1,57": "21,16", "52,53": "18,17", "50,16": "19,17", "37,12": "21,16", "14,17": "35,17", "41,49": "19,17", "11,11": "18,17", "14,19": "21,17", "26,43": "35,16", "13,54": "19,16", "41,47": "35,16", "17,2": "21,16", "30,51": "19,17", "35,59": "21,16", "50,18": "19,17", "32,14": "20,16", "27,34": "18,17", "20,37": "19,17", "37,52": "35,16", "35,17": "21,17", "21,40": "18,17", "14,57": "21,16", "34,60": "21,17", "19,40": "18,16", "13,37": "18,17", "43,61": "19,17", "53,49": "19,17", "41,24": "18,17", "49,16": "18,17", "11,7": "18,17", "12,40": "19,17", "18,37": "19,17", "17,48": "19,17", "27,57": "34,16", "40,53": "34,17", "28,28": "19,17", "25,12": "19,17", "18,2": "21,16", "9,46": "19,17", "42,58": "18,17", "37,31": "34,16", "27,19": "34,17", "8,31": "19,17", "14,34": "19,17", "39,39": "19,17", "46,27": "19,16", "24,9": "20,16", "11,32": "18,17", "2,48": "21,17", "36,48": "34,17", "39,37": "35,16", "43,21": "18,17", "9,48": "35,17", "32,37": "21,17", "42,56": "18,17", "38,40": "18,17", "62,61": "21,17", "48,21": "19,17", "40,13": "21,17", "27,17": "18,17", "31,2": "21,16", "11,9": "18,17", "18,39": "19,17", "17,46": "19,17", "27,59": "36,16", "58,47": "21,16", "42,18": "19,17", "28,26": "21,17", "13,39": "18,17", "29,51": "18,17", "34,43": "35,17", "63,58": "20,16", "53,47": "35,16", "44,22": "19,17", "49,18": "18,17", "4,57": "21,16", "30,57": "35,16", "32,12": "34,16", "27,32": "18,17", "11,17": "34,17", "41,41": "19,17", "39,12": "21,16", "21,46": "18,17", "14,51": "18,16", "25,39": "18,17", "37,54": "19,17", "65,47": "21,16", "16,2": "21,16", "25,37": "18,16", "32,52": "21,16", "38,25": "19,17", "13,12": "18,17", "7,25": "18,17", "24,40": "19,17", "21,48": "18,17", "5,60": "18,17", "11,57": "21,16", "31,60": "21,17", "39,52": "21,16", "14,11": "19,17", "11,19": "21,17", "23,43": "21,16", "44,47": "20,16", "23,2": "21,16", "30,59": "21,16", "40,38": "21,17", "11,13": "18,17", "26,41": "19,17", "13,56": "19,17", "41,45": "19,17", "30,53": "35,17", "27,36": "34,17", "40,32": "21,17", "32,16": "36,16", "18,18": "21,16", "20,35": "19,16", "6,58": "35,17", "32,58": "20,17", "37,50": "19,17", "42,39": "24,20", "47,31": "18,17", "35,15": "21,17", "13,18": "21,16", "21,42": "34,17", "13,16": "34,16", "7,21": "18,17", "24,44": "21,17", "46,48": "21,17", "33,21": "19,17", "6,56": "19,17", "38,21": "19,17", "17,27": "26,20", "18,58": "21,17", "27,38": "18,16", "52,51": "18,17", "50,14": "19,17", "32,18": "18,17", "14,15": "19,17", "13,58": "35,17", "11,3": "34,17", "4,36": "21,17", "30,36": "35,16", "40,57": "18,17", "60,60": "36,16", "42,12": "21,16", "25,16": "19,17", "13,33": "18,16", "19,44": "21,17", "5,41": "18,16", "41,20": "18,17", "49,12": "34,16", "8,35": "21,16", "11,38": "18,17", "36,42": "21,16", "46,23": "19,17", "3,35": "21,16", "15,47": "37,16", "25,58": "21,17", "28,62": "19,17", "50,31": "21,16", "15,49": "19,17", "48,25": "19,17", "27,13": "18,17", "11,36": "34,17", "41,60": "19,17", "33,44": "18,17", "39,33": "19,16", "51,48": "21,17", "43,25": "18,17", "24,3": "21,17", "16,35": "19,17", "0,47": "21,16", "29,55": "18,17", "34,47": "35,16", "53,43": "19,17", "44,26": "19,17", "17,42": "21,17", "30,38": "19,17", "40,59": "18,17", "52,34": "18,17", "28,22": "19,17", "25,18": "35,16", "18,8": "21,16", "8,48": "34,17", "33,37": "21,17", "43,56": "19,17", "39,40": "19,17", "63,61": "21,17", "49,21": "18,17", "41,13": "21,17", "21,2": "21,16", "10,32": "19,17", "3,48": "21,17", "27,60": "34,17", "37,48": "35,17", "38,37": "34,16", "42,21": "19,17", "47,29": "18,17", "12,39": "19,17", "35,43": "21,17", "28,51": "26,20", "52,47": "34,16", "45,22": "18,17", "48,18": "19,17", "19,39": "18,17", "16,46": "18,17", "59,47": "21,16", "43,18": "18,17", "29,26": "34,17", "13,40": "18,16", "19,37": "18,17", "16,48": "18,17", "26,57": "21,16", "41,53": "35,17", "24,12": "18,17", "12,37": "19,17", "18,40": "19,16", "30,45": "19,17", "42,61": "18,17", "52,49": "18,17", "27,20": "18,17", "14,2": "21,16", "9,31": "18,16", "15,34": "18,17", "38,39": "18,17", "47,27": "18,17", "28,11": "19,17", "8,46": "18,17", "43,58": "19,17", "28,9": "37,16", "26,19": "21,17", "12,12": "19,17", "25,40": "18,17", "20,48": "20,16", "10,57": "21,16", "30,60": "21,17", "38,52": "21,16", "24,37": "19,16", "33,52": "21,16", "32,4": "18,17", "5,59": "18,17", "29,43": "18,17", "31,59": "21,16", "41,38": "20,17", "36,14": "20,16", "10,19": "21,17", "22,43": "35,16", "45,47": "21,16", "33,2": "37,16", "28,34": "19,17", "10,17": "21,17", "40,41": "18,17", "38,12": "21,16", "5,57": "34,16", "31,57": "21,16", "33,12": "35,16", "26,9": "21,16", "8,23": "19,17", "24,39": "19,17", "36,54": "18,17", "64,47": "21,16", "15,51": "19,16", "50,27": "19,16", "37,23": "18,17", "8,29": "19,17", "12,16": "35,16", "25,44": "34,17", "47,48": "21,17", "37,29": "18,17", "32,21": "18,17", "22,47": "19,17", "12,58": "34,17", "38,18": "19,16", "33,6": "19,17", "28,30": "19,17", "7,18": "36,16", "16,27": "25,20", "26,38": "19,17", "19,58": "21,17", "29,47": "18,17", "53,51": "19,17", "33,18": "19,17", "26,3": "21,17", "12,5": "19,17", "7,16": "20,16", "29,49": "18,17", "26,36": "21,17", "31,53": "21,17", "66,48": "21,17", "41,32": "21,17", "33,16": "35,16", "22,49": "19,16", "12,56": "18,17", "6,61": "19,17", "40,45": "18,17", "38,16": "20,16", "33,8": "19,17", "30,24": "19,17", "12,18": "21,16", "20,42": "21,17", "50,23": "19,17", "37,27": "18,17", "13,3": "21,17", "19,18": "21,16", "8,27": "19,17", "7,58": "21,17", "36,50": "18,17", "43,39": "25,20", "46,31": "20,16", "34,15": "21,17", "10,36": "21,17", "40,60": "18,17", "38,33": "18,16", "50,48": "21,17", "42,25": "19,17", "7,33": "34,16", "11,41": "34,16", "14,49": "18,17", "49,25": "18,17", "41,17": "18,16", "28,3": "21,17", "16,42": "21,17", "41,59": "19,17", "53,34": "19,17", "29,22": "18,16", "24,18": "34,16", "17,35": "18,16", "1,47": "21,16", "35,47": "21,16", "52,43": "18,17", "45,26": "18,17", "28,55": "19,16", "12,33": "19,17", "18,44": "21,17", "30,41": "19,17", "48,12": "21,16", "27,24": "18,16", "5,36": "21,17", "41,57": "19,17", "31,36": "21,16", "61,60": "35,16", "43,12": "21,16", "24,16": "18,17", "2,35": "21,16", "14,47": "34,16", "24,58": "21,17", "51,31": "21,16", "41,19": "18,17", "9,35": "21,16", "37,42": "20,16", "47,23": "18,17", "28,15": "19,17", "9,18": "21,16", "17,58": "21,17", "28,38": "19,16", "40,43": "18,17", "30,22": "19,16", "12,3": "35,17", "23,38": "18,17", "5,55": "18,17", "33,10": "19,17", "8,21": "19,17", "36,56": "18,17", "49,48": "21,17", "34,13": "21,17", "32,8": "18,17", "20,44": "21,17", "42,48": "18,17", "50,25": "19,17", "37,21": "18,17", "12,10": "19,17", "17,18": "21,16", "25,42": "18,17", "9,58": "21,17", "48,31": "19,17", "27,3": "21,17", "2,58": "21,17", "36,58": "18,17", "43,31": "21,16", "32,6": "18,17", "29,41": "18,17", "34,53": "21,17", "63,48": "21,17", "44,32": "21,17", "36,16": "21,16", "9,16": "21,16", "22,41": "35,16", "28,36": "35,17", "21,18": "20,16", "19,35": "18,16", "13,42": "21,17", "41,51": "19,17", "24,10": "20,17", "12,35": "35,16", "18,42": "21,17", "4,47": "21,16", "30,47": "19,17", "42,63": "18,17", "27,22": "18,17", "20,8": "20,16", "9,33": "34,16", "15,36": "18,17", "55,48": "21,17", "47,25": "18,17", "28,13": "19,17", "14,41": "21,16", "44,17": "19,16", "7,35": "21,16", "11,47": "21,16", "21,58": "21,17", "43,54": "19,16", "39,42": "19,17", "44,19": "19,17", "49,23": "18,17", "15,38": "18,17", "6,42": "19,17", "27,62": "18,17", "38,35": "18,17", "65,59": "21,17", "42,23": "19,17", "22,24": "26,20", "30,49": "19,17", "52,45": "18,17", "45,20": "18,17", "29,3": "21,17", "0,36": "21,17", "23,53": "26,20", "34,36": "21,16", "64,60": "21,16", "53,32": "35,17", "46,12": "21,16", "29,24": "18,17", "12,31": "19,16", "17,39": "18,17", "28,59": "35,16", "30,43": "19,17", "57,47": "21,16", "27,26": "20,17", "26,51": "24,20", "41,55": "19,17", "61,62": "19,17", "53,38": "19,17", "46,18": "19,17", "24,14": "18,17", "23,17": "19,17", "29,60": "21,17", "39,48": "21,17", "36,37": "21,17", "66,61": "21,17", "44,13": "21,17", "15,2": "21,16", "6,48": "21,17", "47,21": "18,17", "28,17": "19,17", "10,34": "37,17", "40,62": "18,17", "38,31": "35,16", "42,27": "19,16", "28,19": "35,17", "23,19": "19,17", "7,31": "18,17", "2,39": "26,20", "43,50": "19,16", "49,27": "18,16", "16,40": "19,16", "13,48": "21,17", "23,57": "21,16", "53,36": "19,17", "22,20": "18,16", "17,37": "18,17", "18,48": "20,16", "28,57": "35,16", "52,41": "18,17", "45,24": "18,17", "27,28": "18,17", "20,2": "21,16", "12,7": "19,17", "34,59": "21,16", "33,14": "21,16", "15,19": "21,17", "12,54": "18,16", "6,63": "19,17", "40,47": "34,16", "30,26": "37,17", "20,40": "19,16", "15,57": "21,16", "35,60": "21,17", "50,21": "19,17", "37,25": "18,17", "27,9": "34,16", "8,25": "19,17", "21,37": "18,16", "36,52": "34,16", "34,17": "21,17", "21,39": "18,17", "61,47": "21,16", "32,2": "34,16", "12,14": "19,17", "32,23": "34,17", "15,17": "21,17", "22,45": "19,17", "40,49": "18,17", "33,4": "19,17", "28,32": "19,17", "12,9": "19,17", "0,57": "21,16", "29,45": "18,17", "53,53": "19,17", "36,12": "21,16", "8,36": "21,17", "21,24": "25,20", "14,33": "19,16", "46,20": "19,17", "19,3": "21,17", "22,16": "18,16", "3,36": "21,17", "20,53": "25,20", "28,61": "19,17", "37,36": "20,16", "50,32": "21,17", "48,28": "19,17", "45,12": "21,16", "4,35": "21,16", "12,47": "21,16", "22,58": "21,17", "40,54": "18,17", "60,63": "18,17", "52,39": "18,17", "47,19": "18,17", "25,15": "19,17", "16,38": "19,17", "5,42": "18,17", "29,58": "34,17", "66,59": "21,17", "41,23": "18,17", "16,36": "19,17", "19,49": "21,17", "29,56": "18,17", "34,44": "19,17", "56,48": "21,17", "53,40": "19,17", "44,25": "19,17", "30,3": "21,17", "17,41": "21,16", "52,37": "18,17", "47,17": "18,16", "28,21": "19,17", "22,18": "18,17", "38,47": "21,16", "48,26": "19,17", "27,10": "34,17", "11,35": "34,16", "7,47": "21,16", "33,47": "34,16", "41,63": "19,17", "43,26": "18,17", "20,36": "19,17", "37,53": "35,17", "60,48": "21,17", "47,32": "18,16", "35,16": "21,16", "21,41": "34,16", "11,10": "18,17", "14,18": "21,16", "26,42": "19,17", "13,55": "19,17", "41,46": "19,17", "17,3": "21,17", "1,58": "21,17", "30,50": "19,17", "27,35": "34,16", "40,31": "21,16", "50,19": "19,17", "32,15": "20,17", "52,52": "18,17", "50,17": "19,17", "37,13": "21,17", "14,16": "35,16", "23,44": "21,17", "41,48": "35,17", "13,15": "18,17", "7,22": "18,17", "14,58": "21,17", "33,22": "35,16", "20,38": "19,17", "6,55": "19,17", "48,43": "25,20", "38,22": "19,17", "22,3": "21,17", "16,17": "20,17", "7,28": "18,17", "21,45": "18,17", "8,57": "21,16", "43,49": "19,17", "3,57": "21,16", "37,57": "19,17", "47,36": "25,20", "38,28": "19,17", "35,12": "21,16", "22,39": "19,17", "30,54": "19,17", "62,47": "21,16", "37,19": "18,17", "32,11": "18,17", "27,31": "18,17", "11,14": "18,17", "8,19": "35,17", "29,39": "18,17", "41,42": "19,17", "31,23": "20,17", "8,17": "21,17", "14,12": "19,17", "23,40": "18,17", "16,57": "21,16", "29,37": "34,17", "36,60": "34,17", "17,9": "20,17", "22,37": "19,16", "35,52": "21,16", "50,13": "35,17", "37,17": "21,17", "37,59": "35,16", "48,47": "21,16", "38,26": "19,17", "13,11": "18,17", "16,19": "21,17", "7,26": "18,17", "24,43": "21,16", "5,63": "18,17", "43,47": "19,16", "15,40": "18,16", "10,48": "21,17", "9,45": "19,16", "20,57": "21,16", "37,32": "36,17", "8,32": "19,17", "14,37": "19,17", "46,24": "19,17", "13,34": "18,17", "19,43": "21,16", "43,62": "19,17", "41,27": "18,16", "49,15": "18,17", "11,4": "18,17", "20,19": "21,17", "1,39": "25,20", "40,50": "18,17", "25,11": "19,16", "17,45": "19,16", "35,37": "21,17", "65,61": "21,17", "52,33": "18,17", "47,13": "21,17", "28,25": "21,16", "25,2": "21,16", "5,48": "21,17", "29,52": "34,16", "53,44": "19,17", "44,21": "19,17", "11,31": "18,16", "14,39": "19,17", "33,43": "34,17", "39,34": "19,17", "54,47": "21,16", "64,58": "21,16", "43,22": "18,17", "19,9": "21,17", "38,43": "18,16", "42,55": "18,17", "45,18": "18,17", "48,22": "19,17", "27,14": "18,17", "52,50": "18,17", "50,15": "19,17", "32,19": "18,17", "14,14": "19,17", "13,17": "36,17", "7,20": "18,17", "33,20": "19,17", "6,57": "35,16", "32,57": "20,16", "38,20": "19,17", "18,19": "21,17", "6,59": "19,17", "32,59": "21,16", "37,51": "19,17", "47,30": "18,17", "35,14": "21,16", "13,19": "21,17", "21,43": "34,16", "46,47": "21,16", "11,12": "18,17", "26,40": "19,17", "13,57": "35,16", "33,60": "21,17", "41,44": "19,17", "18,57": "21,16", "30,52": "35,16", "27,37": "18,17", "32,17": "34,17", "16,34": "19,17", "29,54": "18,17", "34,46": "19,17", "53,42": "19,17", "44,27": "19,16", "30,39": "19,17", "40,58": "18,17", "52,35": "18,17", "28,23": "19,17", "25,19": "35,17", "18,9": "21,17", "17,43": "20,16", "15,48": "35,17", "25,57": "21,16", "48,24": "19,17", "27,12": "18,17", "11,37": "18,17", "41,61": "19,17", "33,45": "18,17", "39,32": "21,17", "43,24": "18,17", "24,2": "21,16", "8,34": "35,17", "11,39": "18,17", "36,43": "21,17", "51,47": "21,16", "46,22": "19,17", "28,63": "19,17", "11,2": "36,16", "30,37": "35,17", "40,56": "18,17", "60,61": "34,17", "42,13": "21,17", "25,17": "19,17", "0,48": "21,17", "34,48": "35,17", "41,21": "18,17", "49,13": "34,17", "11,8": "18,17", "1,35": "21,16", "18,38": "19,17", "17,47": "19,17", "27,58": "34,17", "52,31": "34,16", "42,19": "19,17", "28,27": "19,16", "13,38": "18,17", "29,50": "18,17", "34,42": "35,16", "63,59": "20,17", "53,46": "19,17", "44,23": "19,17", "49,19": "18,17", "11,33": "18,17", "36,49": "18,17", "39,36": "19,17", "43,20": "18,17", "6,36": "21,17", "32,36": "21,16", "42,57": "18,17", "38,41": "18,17", "62,60": "21,16", "48,20": "19,17", "40,12": "21,16", "27,16": "18,17", "31,3": "21,17", "15,42": "21,17", "9,47": "35,16", "42,59": "18,17", "37,30": "18,17", "27,18": "34,16", "8,30": "19,17", "14,35": "19,17", "2,47": "21,16", "36,47": "34,16", "39,38": "35,17", "46,26": "19,17", "13,36": "18,17", "19,41": "21,16", "43,60": "19,17", "53,48": "35,17", "41,25": "18,17", "49,17": "18,17", "11,6": "18,17", "12,41": "35,16", "18,36": "19,17", "17,49": "19,16", "40,52": "34,16", "58,48": "21,17", "42,17": "19,16", "28,29": "19,17", "25,13": "19,17", "18,3": "21,17", "27,56": "18,17", "14,10": "19,16", "11,18": "21,16", "23,42": "18,16", "23,3": "21,17", "4,58": "21,17", "30,58": "35,17", "40,39": "18,16", "52,54": "18,16", "45,31": "21,16", "25,36": "20,17", "32,53": "21,17", "65,48": "21,17", "42,32": "21,17", "38,24": "19,17", "13,13": "18,17", "7,24": "18,17", "24,41": "19,17", "21,49": "18,16", "5,61": "18,17", "39,53": "21,17", "49,32": "20,17", "21,47": "18,17", "14,50": "18,17", "11,58": "21,17", "15,27": "25,20", "25,38": "18,17", "37,55": "19,17", "16,3": "21,17", "30,56": "19,17", "40,37": "21,16", "32,13": "36,17", "27,33": "18,17", "11,16": "34,16", "26,44": "37,17", "41,40": "19,17", "44,48": "20,17", "39,13": "21,17", "12,19": "21,17", "20,43": "21,16", "47,47": "21,16", "50,22": "19,17", "37,26": "18,17", "13,2": "21,16", "19,19": "21,17", "8,26": "19,17", "33,59": "21,16", "36,51": "18,17", "34,14": "21,16", "12,4": "19,17", "7,17": "20,17", "26,37": "19,16", "19,57": "21,16", "29,48": "18,17", "31,52": "21,16", "33,17": "35,17", "22,48": "19,17", "6,60": "19,17", "12,57": "34,16", "32,60": "21,17", "40,44": "18,17", "38,17": "20,17", "33,9": "19,17", "30,25": "35,16", "22,46": "19,17", "38,19": "19,17", "33,7": "19,17", "28,31": "19,17", "7,19": "34,17", "26,39": "19,17", "29,46": "18,17", "66,47": "21,16", "53,50": "19,17", "33,19": "19,17", "26,2": "21,16", "8,28": "19,17", "7,57": "21,16", "12,17": "37,17", "48,36": "26,20", "37,28": "18,17", "32,20": "18,17", "41,18": "18,17", "9,34": "34,17", "37,43": "20,17", "50,47": "21,16", "47,22": "18,17", "28,14": "19,17", "12,32": "19,17", "1,48": "21,17", "30,40": "19,17", "35,48": "21,17", "48,13": "21,17", "27,25": "20,16", "41,56": "19,17", "31,37": "21,17", "61,61": "35,17", "43,13": "21,17", "24,17": "18,17", "41,58": "19,17", "53,35": "19,17", "29,23": "18,17", "24,19": "36,17", "52,42": "18,17", "45,27": "18,16", "40,61": "18,17", "38,32": "35,17", "42,24": "19,17", "7,32": "18,17", "11,40": "18,17", "14,48": "34,17", "24,57": "21,16", "49,24": "18,17", "28,2": "21,16", "15,35": "18,17", "3,47": "21,16", "37,47": "35,16", "38,38": "34,17", "47,26": "18,17", "28,10": "35,17", "14,42": "21,17", "8,47": "34,16", "43,59": "19,17", "26,18": "21,16", "19,36": "18,17", "13,41": "21,16", "16,49": "18,16", "41,52": "35,16", "59,48": "21,17", "43,17": "18,16", "24,13": "18,17", "12,36": "35,17", "18,41": "21,16", "30,44": "19,17", "42,60": "18,17", "52,48": "34,17", "48,17": "19,16", "27,21": "18,17", "14,3": "21,17", "12,38": "19,17", "35,42": "21,16", "52,46": "18,17", "45,23": "18,17", "48,19": "19,17", "0,35": "21,16", "19,38": "18,17", "16,47": "18,17", "26,58": "21,17", "53,31": "37,16", "43,19": "18,17", "7,36": "21,17", "33,36": "21,16", "43,57": "19,17", "39,41": "19,17", "63,60": "21,16", "49,20": "18,17", "41,12": "21,16", "21,3": "21,17", "10,33": "35,16", "6,41": "19,16", "27,61": "18,17", "37,49": "19,17", "38,36": "18,17", "42,20": "19,17", "47,28": "18,17", "8,22": "19,17", "14,27": "24,20", "24,38": "19,17", "36,55": "18,17", "15,50": "19,17", "10,58": "21,17", "47,43": "24,20", "50,26": "19,17", "37,22": "18,17", "10,16": "21,16", "40,40": "18,17", "45,48": "21,17", "38,13": "21,17", "5,56": "18,17", "19,53": "24,20", "41,37": "20,16", "33,13": "35,17", "5,58": "34,17", "31,58": "21,17", "29,42": "18,17", "41,39": "19,16", "53,54": "19,16", "44,31": "21,16", "36,15": "20,17", "10,18": "21,16", "22,42": "35,17", "28,35": "35,16", "33,3": "35,17", "12,13": "19,17", "25,41": "18,17", "20,49": "20,17", "38,53": "21,17", "48,32": "19,16", "33,53": "21,17", "64,48": "21,17", "43,32": "21,17", "32,5": "18,17", "16,41": "21,16", "53,37": "19,17", "46,17": "19,16", "17,36": "18,17", "18,49": "20,17", "57,48": "21,17", "52,40": "18,17", "45,25": "18,17", "27,29": "18,17", "20,3": "21,17", "28,56": "19,17", "10,35": "21,16", "6,47": "21,16", "40,63": "18,17", "42,26": "19,17", "38,30": "19,17", "28,18": "35,16", "23,18": "19,17", "7,30": "18,17", "11,42": "36,17", "39,47": "21,16", "49,26": "18,17", "26,10": "21,17", "23,16": "19,16", "2,36": "21,17", "21,53": "25,20", "36,36": "21,16", "66,60": "21,16", "51,32": "21,17", "44,12": "21,16", "15,3": "21,17", "9,36": "21,17", "20,24": "24,20", "15,33": "18,16", "47,20": "18,17", "28,16": "19,17", "17,38": "18,17", "28,58": "35,17", "30,42": "19,17", "27,27": "18,16", "5,35": "21,16", "13,47": "21,16", "23,58": "21,17", "41,54": "19,17", "61,63": "19,17", "53,39": "19,17", "46,19": "19,17", "24,15": "18,17", "15,16": "21,16", "22,44": "35,17", "40,48": "34,17", "33,5": "19,17", "28,33": "19,17", "12,8": "19,17", "29,44": "18,17", "53,52": "19,17", "36,13": "21,17", "21,38": "18,17", "49,43": "26,20", "32,3": "34,17", "12,15": "19,17", "15,58": "21,17", "32,22": "34,16", "20,41": "21,16", "50,20": "19,17", "37,24": "18,17", "8,24": "19,17", "36,53": "34,17", "61,48": "21,17", "46,32": "20,17", "34,16": "21,16", "12,6": "19,17", "0,58": "21,17", "26,35": "21,16", "44,39": "26,20", "41,31": "21,16", "33,15": "21,17", "15,18": "21,16", "12,55": "18,17", "6,62": "19,17", "40,46": "18,17", "23,37": "18,16", "29,40": "18,17", "34,52": "21,16", "36,17": "21,17", "9,17": "21,17", "22,40": "19,17", "17,57": "21,16", "28,37": "19,17", "37,60": "35,17", "12,11": "19,17", "17,19": "21,17", "25,43": "34,16", "42,47": "18,16", "48,30": "19,17", "27,2": "21,16", "36,59": "34,16", "49,47": "21,16", "32,7": "18,17", "8,20": "19,17", "2,57": "21,16", "36,57": "18,17", "46,36": "24,20", "34,12": "21,16", "32,9": "18,17", "9,57": "21,16", "42,49": "18,17", "50,24": "19,17", "37,20": "18,17", "9,19": "21,17", "40,42": "18,17", "30,23": "19,17", "12,2": "35,16", "23,39": "18,17", "5,54": "18,16", "63,47": "21,16", "33,11": "19,17", "4,48": "21,17", "30,48": "19,17", "52,44": "18,17", "45,21": "18,17", "29,2": "21,16", "16,45": "18,16", "34,37": "21,17", "64,61": "21,17", "53,33": "19,17", "46,13": "21,17", "29,25": "34,16", "7,34": "36,17", "39,43": "19,16", "43,55": "19,17", "44,18": "19,17", "49,22": "18,17", "10,31": "19,16", "15,39": "18,17", "6,43": "19,16", "27,63": "18,17", "38,34": "18,17", "55,47": "21,16", "65,58": "21,16", "42,22": "19,17", "9,32": "18,17", "15,37": "18,17", "47,24": "18,17", "28,12": "19,17", "14,40": "19,16", "11,48": "21,17", "8,45": "18,16", "21,57": "21,16", "21,19": "20,17", "0,39": "25,20", "41,50": "19,17", "24,11": "18,16", "12,34": "19,17", "18,43": "21,16", "30,46": "19,17", "42,62": "18,17", "27,23": "18,17", "20,9": "20,17" }, "SNOW": 0.000000 }, "END": { "MUSIC": "ATHLETIC", "OBJECTS": { "7,23": "BUMP BLOCK", "16,23": "END CASTLE", "7,13": "FLAGPOLE" }, "CLASSIC_SCROLL": 0.000000, "DAREDEVIL": 0.000000, "TILES_BG": { "2,24": "18,17", "3,24": "19,17" }, "WIDTH": 24.000000, "MODIFIERS": { "2,22": "DESTINATION:START" }, "HEIGHT": 27.000000, "BACKGROUND": "MOUNTAIN", "MARKERS": { "4,22": "UP" }, "KEEP_POWERUP": 0.000000, "RAIN": 0.000000, "TILES": { "0,24": "31,3", "2,21": "18,16", "15,24": "31,3", "23,24": "31,3", "21,25": "31,4", "10,26": "31,5", "17,25": "31,4", "5,26": "31,5", "9,25": "31,4", "2,25": "31,4", "23,26": "31,5", "12,25": "31,4", "19,25": "31,4", "2,23": "18,17", "15,26": "31,5", "7,25": "31,4", "0,26": "31,5", "5,24": "31,3", "10,24": "31,3", "22,26": "31,5", "6,25": "31,4", "1,26": "31,5", "18,25": "31,4", "13,25": "31,4", "14,26": "31,5", "3,23": "19,17", "11,24": "31,3", "4,24": "31,3", "14,24": "31,3", "3,21": "19,16", "1,24": "31,3", "22,24": "31,3", "20,25": "31,4", "4,26": "31,5", "3,25": "31,4", "8,25": "31,4", "11,26": "31,5", "16,25": "31,4", "21,24": "31,3", "9,24": "31,3", "2,24": "31,3", "17,24": "31,3", "15,25": "31,4", "12,26": "31,5", "19,26": "31,5", "0,25": "31,4", "7,26": "31,5", "23,25": "31,4", "17,26": "31,5", "10,25": "31,4", "9,26": "31,5", "2,26": "31,5", "5,25": "31,4", "21,26": "31,5", "7,24": "31,3", "2,22": "18,17", "12,24": "31,3", "19,24": "31,3", "3,26": "31,5", "8,26": "31,5", "4,25": "31,4", "16,26": "31,5", "11,25": "31,4", "20,26": "31,5", "3,22": "19,17", "18,24": "31,3", "13,24": "31,3", "6,24": "31,3", "20,24": "31,3", "16,24": "31,3", "3,24": "31,3", "8,24": "31,3", "1,25": "31,4", "6,26": "31,5", "14,25": "31,4", "18,26": "31,5", "13,26": "31,5", "22,25": "31,4" }, "SNOW": 0.000000 }, "MAZE2": { "MUSIC": "CAVE", "OBJECTS": { "8,16": "COIN", "73,17": "WATER TOP 2", "78,17": "WATER TOP 2", "55,14": "COIN", "103,3": "COIN", "59,17": "WATER TOP 2", "92,17": "WATER TOP 2", "52,17": "WATER TOP 2", "99,17": "WATER TOP 2", "20,16": "PIRANHA PLANT", "64,17": "WATER TOP 2", "80,8": "PIRANHA PLANT", "45,17": "WATER TOP 2", "85,17": "WATER TOP 2", "81,4": "COIN", "29,17": "WATER TOP 2", "22,17": "WATER TOP 2", "14,17": "WATER TOP 2", "104,17": "WATER TOP 2", "1,17": "WATER TOP 2", "35,17": "WATER TOP 2", "25,12": "BLUE BRICK", "104,4": "COIN", "38,7": "BUZZY BEETLE", "27,17": "WATER TOP 2", "80,4": "COIN", "11,17": "WATER TOP 2", "4,17": "WATER TOP 2", "30,17": "WATER TOP 2", "95,18": "COIN", "101,17": "WATER TOP 2", "76,17": "WATER TOP 2", "102,3": "COIN", "97,17": "WATER TOP 2", "57,17": "WATER TOP 2", "18,16": "PIRANHA PLANT", "61,17": "WATER TOP 2", "46,23": "COIN", "40,17": "WATER TOP 2", "80,17": "WATER TOP 2", "26,17": "WATER TOP 2", "24,12": "BLUE BRICK", "82,4": "COIN", "5,17": "WATER TOP 2", "31,17": "WATER TOP 2", "100,17": "WATER TOP 2", "94,18": "COIN", "10,17": "WATER TOP 2", "53,15": "COIN", "56,17": "WATER TOP 2", "96,17": "WATER TOP 2", "7,16": "COIN", "77,17": "WATER TOP 2", "77,3": "COIN", "81,17": "WATER TOP 2", "41,17": "WATER TOP 2", "60,17": "WATER TOP 2", "79,3": "COIN", "100,3": "COIN", "10,15": "COIN", "54,14": "COIN", "53,17": "WATER TOP 2", "98,17": "WATER TOP 2", "58,17": "WATER TOP 2", "93,17": "WATER TOP 2", "82,8": "PIRANHA PLANT", "79,17": "WATER TOP 2", "9,16": "COIN", "72,17": "WATER TOP 2", "84,17": "WATER TOP 2", "101,3": "COIN", "44,17": "WATER TOP 2", "78,3": "COIN", "65,17": "WATER TOP 2", "23,17": "WATER TOP 2", "28,17": "WATER TOP 2", "45,24": "COIN", "105,17": "WATER TOP 2", "0,17": "WATER TOP 2", "34,17": "WATER TOP 2", "15,17": "WATER TOP 2", "2,12": "CHECKPOINT", "66,17": "WATER TOP 2", "104,3": "COIN", "87,17": "WATER TOP 2", "47,17": "WATER TOP 2", "80,3": "COIN", "71,17": "WATER TOP 2", "50,17": "WATER TOP 2", "90,17": "WATER TOP 2", "16,17": "WATER TOP 2", "102,4": "COIN", "55,15": "COIN", "8,17": "WATER TOP 2", "3,17": "WATER TOP 2", "37,17": "WATER TOP 2", "106,17": "WATER TOP 2", "92,18": "COIN", "29,12": "BUSTER BEETLE", "46,24": "COIN", "20,17": "WATER TOP 2", "13,17": "WATER TOP 2", "18,17": "WATER TOP 2", "103,17": "WATER TOP 2", "108,17": "WATER TOP 2", "39,17": "WATER TOP 2", "6,17": "WATER TOP 2", "32,17": "WATER TOP 2", "103,4": "COIN", "27,12": "BLUE BRICK", "25,17": "WATER TOP 2", "63,17": "WATER TOP 2", "81,3": "COIN", "68,17": "WATER TOP 2", "49,17": "WATER TOP 2", "82,17": "WATER TOP 2", "42,17": "WATER TOP 2", "89,17": "WATER TOP 2", "8,15": "COIN", "74,17": "WATER TOP 2", "55,17": "WATER TOP 2", "95,17": "WATER TOP 2", "109,17": "WATER TOP 2", "102,17": "WATER TOP 2", "7,17": "WATER TOP 2", "33,17": "WATER TOP 2", "38,17": "WATER TOP 2", "19,17": "WATER TOP 2", "12,17": "WATER TOP 2", "78,4": "COIN", "101,4": "COIN", "24,17": "WATER TOP 2", "26,12": "BLUE BRICK", "43,17": "WATER TOP 2", "88,17": "WATER TOP 2", "48,17": "WATER TOP 2", "83,17": "WATER TOP 2", "70,3": "MESSAGE BLOCK", "45,23": "COIN", "69,17": "WATER TOP 2", "62,17": "WATER TOP 2", "53,14": "COIN", "10,16": "COIN", "94,17": "WATER TOP 2", "54,17": "WATER TOP 2", "9,15": "COIN", "75,17": "WATER TOP 2", "46,17": "WATER TOP 2", "86,17": "WATER TOP 2", "78,8": "PIRANHA PLANT", "67,17": "WATER TOP 2", "108,3": "BUZZY BEETLE", "91,17": "WATER TOP 2", "51,17": "WATER TOP 2", "82,3": "COIN", "70,17": "WATER TOP 2", "7,15": "COIN", "2,17": "WATER TOP 2", "36,17": "WATER TOP 2", "9,17": "WATER TOP 2", "93,18": "COIN", "107,17": "WATER TOP 2", "17,17": "WATER TOP 2", "77,4": "COIN", "54,15": "COIN", "21,17": "WATER TOP 2", "100,4": "COIN", "79,4": "COIN" }, "CLASSIC_SCROLL": 0.000000, "DAREDEVIL": 0.000000, "TILES_BG": { "10,22": "30,15", "52,19": "30,15", "99,19": "30,15", "53,20": "30,15", "98,20": "30,15", "17,21": "30,15", "93,20": "30,15", "8,18": "30,15", "5,22": "30,15", "100,22": "30,15", "9,21": "30,15", "43,23": "30,15", "85,19": "30,15", "20,18": "30,15", "81,26": "30,15", "60,22": "30,15", "47,18": "30,15", "81,22": "30,15", "10,26": "30,15", "17,25": "30,15", "5,26": "30,15", "14,19": "30,15", "19,23": "30,15", "56,22": "30,15", "50,18": "30,15", "9,25": "30,15", "51,21": "30,15", "100,26": "30,15", "81,24": "30,15", "62,21": "30,15", "63,18": "30,15", "43,21": "30,15", "49,18": "30,15", "82,18": "30,15", "5,20": "30,15", "19,25": "30,15", "100,20": "30,15", "4,19": "30,15", "9,23": "30,15", "94,21": "30,15", "54,21": "30,15", "53,22": "30,15", "17,23": "30,15", "58,22": "30,15", "5,24": "30,15", "19,21": "30,15", "56,20": "30,15", "96,20": "30,15", "18,18": "30,15", "57,19": "30,15", "13,18": "30,15", "97,19": "30,15", "100,24": "30,15", "10,24": "30,15", "6,18": "30,15", "39,18": "30,15", "81,20": "30,15", "40,19": "30,15", "48,25": "30,15", "43,25": "30,15", "82,21": "30,15", "42,21": "30,15", "89,21": "30,15", "48,18": "30,15", "63,21": "30,15", "40,24": "30,15", "20,23": "30,15", "62,18": "30,15", "55,21": "30,15", "39,25": "30,15", "95,21": "30,15", "59,22": "30,15", "52,22": "30,15", "99,22": "30,15", "4,20": "30,15", "18,25": "30,15", "100,19": "30,15", "5,19": "30,15", "39,21": "30,15", "99,26": "30,15", "7,18": "30,15", "97,20": "30,15", "4,24": "30,15", "18,21": "30,15", "57,20": "30,15", "19,18": "30,15", "56,19": "30,15", "90,23": "30,15", "42,25": "30,15", "89,25": "30,15", "49,25": "30,15", "82,25": "30,15", "40,20": "30,15", "81,19": "30,15", "9,18": "30,15", "4,22": "30,15", "90,25": "30,15", "17,18": "30,15", "53,19": "30,15", "98,19": "30,15", "92,20": "30,15", "52,20": "30,15", "99,20": "30,15", "40,26": "30,15", "20,21": "30,15", "82,23": "30,15", "42,23": "30,15", "89,23": "30,15", "40,22": "30,15", "86,18": "30,15", "46,18": "30,15", "20,25": "30,15", "61,22": "30,15", "51,18": "30,15", "4,26": "30,15", "18,23": "30,15", "57,22": "30,15", "50,21": "30,15", "90,21": "30,15", "39,23": "30,15", "99,24": "30,15", "81,23": "30,15", "48,26": "30,15", "43,26": "30,15", "9,24": "30,15", "14,18": "30,15", "19,22": "30,15", "90,19": "30,15", "17,24": "30,15", "100,23": "30,15", "8,19": "30,15", "5,23": "30,15", "19,26": "30,15", "53,21": "30,15", "98,21": "30,15", "17,20": "30,15", "58,21": "30,15", "93,21": "30,15", "10,23": "30,15", "52,18": "30,15", "99,18": "30,15", "54,22": "30,15", "20,19": "30,15", "62,22": "30,15", "43,22": "30,15", "85,18": "30,15", "45,18": "30,15", "6,19": "30,15", "17,26": "30,15", "39,19": "30,15", "10,25": "30,15", "9,26": "30,15", "18,19": "30,15", "13,19": "30,15", "51,22": "30,15", "97,18": "30,15", "100,25": "30,15", "5,25": "30,15", "19,20": "30,15", "56,21": "30,15", "96,21": "30,15", "48,24": "30,15", "60,21": "30,15", "43,24": "30,15", "40,18": "30,15", "81,21": "30,15", "42,19": "30,15", "89,19": "30,15", "82,19": "30,15", "43,20": "30,15", "63,19": "30,15", "62,20": "30,15", "81,25": "30,15", "17,22": "30,15", "55,19": "30,15", "10,21": "30,15", "94,20": "30,15", "54,20": "30,15", "100,21": "30,15", "4,18": "30,15", "9,22": "30,15", "5,21": "30,15", "19,24": "30,15", "50,22": "30,15", "19,19": "30,15", "90,22": "30,15", "97,21": "30,15", "4,25": "30,15", "18,20": "30,15", "57,21": "30,15", "7,19": "30,15", "39,20": "30,15", "20,26": "30,15", "81,18": "30,15", "40,21": "30,15", "42,24": "30,15", "89,24": "30,15", "49,24": "30,15", "61,21": "30,15", "82,24": "30,15", "20,22": "30,15", "62,19": "30,15", "63,20": "30,15", "40,25": "30,15", "43,19": "30,15", "82,20": "30,15", "42,20": "30,15", "89,20": "30,15", "5,18": "30,15", "90,26": "30,15", "4,21": "30,15", "18,24": "30,15", "100,18": "30,15", "54,19": "30,15", "99,23": "30,15", "55,20": "30,15", "39,24": "30,15", "95,20": "30,15", "42,26": "30,15", "89,26": "30,15", "49,26": "30,15", "82,26": "30,15", "20,24": "30,15", "40,23": "30,15", "86,19": "30,15", "99,25": "30,15", "39,22": "30,15", "90,20": "30,15", "18,22": "30,15", "59,21": "30,15", "92,21": "30,15", "52,21": "30,15", "99,21": "30,15", "17,19": "30,15", "55,22": "30,15", "39,26": "30,15", "98,18": "30,15", "90,24": "30,15", "9,19": "30,15", "4,23": "30,15", "18,26": "30,15", "44,18": "30,15", "82,22": "30,15", "42,22": "30,15", "89,22": "30,15", "20,20": "30,15", "63,22": "30,15" }, "WIDTH": 110.000000, "MODIFIERS": { "47,2": "TEXT:NEXT", "73,0": "DESTINATION:NEXT", "4,16": "DESTINATION:START", "70,3": "MESSAGE:Are you lost?", "109,5": "TEXT:START,END" }, "HEIGHT": 27.000000, "BACKGROUND": "BLUE CAVE", "MARKERS": { "46,6": "DOWN", "72,0": "DOWN", "60,4": "LEFT", "97,15": "WARP TOP", "59,13": "WARP TOP", "40,7": "LEFT", "47,10": "WARP BOTTOM", "47,2": "WARP MARKER", "6,16": "UP", "49,21": "WARP LEFT", "51,1": "WARP RIGHT", "44,15": "WARP TOP", "64,22": "UP", "106,4": "WARP LEFT", "58,15": "WARP LEFT", "83,6": "WARP TOP", "60,17": "LEFT", "53,17": "WARP RIGHT", "58,19": "WARP RIGHT", "63,23": "LEFT", "83,14": "WARP BOTTOM", "44,19": "WARP BOTTOM", "46,18": "UP", "38,14": "UP", "41,8": "DOWN", "47,19": "RIGHT", "37,8": "WARP LEFT", "39,15": "RIGHT", "47,5": "RIGHT", "67,4": "WARP RIGHT", "97,18": "WARP CANNON", "47,15": "WARP TOP", "61,16": "UP", "61,5": "DOWN", "62,9": "WARP BOTTOM", "59,9": "WARP BOTTOM", "43,13": "WARP RIGHT", "62,13": "WARP TOP", "58,5": "WARP LEFT", "62,3": "RIGHT", "51,6": "WARP RIGHT", "109,5": "WARP MARKER", "51,19": "WARP LEFT", "97,2": "DOWN" }, "KEEP_POWERUP": 0.000000, "RAIN": 0.000000, "TILES": { "4,15": "26,16", "10,22": "27,17", "52,19": "29,16", "99,19": "26,17", "77,26": "30,15", "94,23": "30,15", "13,10": "34,16", "37,3": "29,16", "53,3": "26,26", "16,18": "30,15", "54,23": "30,15", "59,19": "30,15", "92,19": "30,15", "105,24": "30,15", "14,13": "27,17", "17,8": "29,17", "47,0": "26,17", "53,20": "29,17", "86,5": "27,17", "98,20": "35,16", "0,24": "30,15", "34,24": "30,15", "3,16": "28,17", "17,21": "26,17", "50,12": "27,17", "58,20": "28,17", "93,20": "29,16", "93,0": "26,17", "70,25": "30,15", "6,10": "29,16", "66,3": "29,17", "37,18": "30,15", "3,18": "30,15", "75,23": "30,15", "78,19": "30,15", "96,26": "30,15", "8,18": "29,16", "5,22": "27,17", "39,10": "34,16", "73,6": "29,16", "31,22": "30,15", "56,26": "30,15", "73,19": "30,15", "107,21": "30,15", "67,5": "28,17", "100,22": "27,17", "2,21": "30,15", "36,21": "30,15", "51,25": "30,15", "79,20": "30,15", "9,21": "26,17", "22,8": "29,17", "52,17": "29,16", "72,0": "27,17", "99,17": "26,17", "106,18": "30,15", "15,24": "30,15", "72,20": "30,15", "91,25": "30,15", "19,8": "29,17", "40,5": "27,17", "43,23": "27,17", "63,14": "27,17", "49,0": "24,26", "80,11": "27,17", "85,19": "26,17", "88,23": "30,15", "40,11": "35,17", "45,19": "27,16", "48,23": "26,16", "61,8": "25,27", "94,5": "27,17", "60,26": "30,15", "83,23": "30,15", "20,16": "27,16", "48,6": "35,16", "28,24": "30,15", "67,25": "30,15", "84,20": "30,15", "39,3": "34,16", "23,24": "30,15", "44,20": "30,15", "49,14": "26,17", "82,14": "27,17", "26,22": "30,15", "41,26": "30,15", "64,19": "30,15", "69,23": "30,15", "20,18": "27,17", "42,14": "29,17", "48,8": "27,17", "80,8": "27,16", "81,26": "26,17", "89,14": "29,17", "62,23": "30,15", "45,17": "27,17", "61,6": "25,27", "68,3": "29,17", "104,6": "29,16", "65,20": "30,15", "86,25": "30,15", "29,13": "28,16", "85,17": "26,17", "21,21": "30,15", "46,25": "30,15", "31,4": "29,17", "40,15": "27,17", "60,22": "29,17", "94,1": "27,17", "22,19": "30,15", "66,18": "30,15", "24,23": "30,15", "29,19": "30,15", "39,7": "26,17", "64,13": "26,17", "23,20": "30,15", "44,24": "30,15", "25,7": "29,16", "47,16": "26,17", "48,2": "35,17", "28,20": "30,15", "67,21": "30,15", "84,24": "30,15", "25,14": "29,17", "42,10": "29,16", "47,18": "36,17", "81,22": "26,17", "39,9": "34,17", "49,10": "26,17", "61,15": "25,27", "82,10": "27,17", "87,18": "30,15", "26,26": "30,15", "41,22": "30,15", "74,7": "29,17", "85,13": "34,16", "21,25": "30,15", "46,21": "30,15", "61,2": "29,16", "68,7": "29,17", "65,24": "30,15", "86,21": "30,15", "13,14": "26,17", "97,15": "26,16", "71,18": "30,15", "7,23": "30,15", "33,23": "30,15", "105,20": "30,15", "4,11": "29,17", "10,26": "27,17", "1,19": "30,15", "35,19": "30,15", "38,23": "30,15", "77,22": "30,15", "17,25": "26,17", "50,16": "27,16", "78,13": "27,17", "93,4": "26,17", "58,24": "30,15", "70,21": "30,15", "93,24": "30,15", "104,19": "30,15", "109,23": "30,15", "14,17": "27,17", "86,1": "27,17", "0,20": "30,15", "34,20": "30,15", "53,24": "30,15", "98,24": "30,15", "102,23": "30,15", "11,11": "29,17", "14,19": "27,17", "5,26": "27,17", "19,23": "26,17", "39,14": "34,17", "56,22": "29,17", "73,2": "26,16", "90,18": "27,16", "31,26": "30,15", "107,25": "30,15", "50,18": "29,17", "66,7": "29,17", "103,7": "29,17", "12,23": "30,15", "96,22": "30,15", "9,25": "26,17", "72,4": "27,17", "91,21": "28,17", "99,13": "26,17", "15,20": "30,15", "72,24": "30,15", "37,9": "28,17", "51,21": "29,16", "59,13": "26,16", "92,13": "29,16", "100,26": "27,17", "2,25": "30,15", "36,25": "30,15", "79,24": "30,15", "49,16": "26,16", "61,13": "24,27", "60,2": "28,16", "69,7": "29,17", "82,16": "27,17", "26,20": "30,15", "41,24": "30,15", "69,21": "30,15", "62,21": "34,16", "75,7": "29,17", "81,24": "26,17", "38,9": "29,17", "45,15": "27,16", "94,9": "27,17", "68,18": "30,15", "27,19": "30,15", "65,22": "30,15", "40,9": "35,17", "63,18": "27,17", "74,1": "27,17", "85,15": "26,17", "21,23": "30,15", "24,7": "29,16", "40,7": "27,17", "43,21": "27,17", "49,2": "29,17", "63,16": "27,17", "80,13": "27,17", "24,25": "30,15", "88,21": "30,15", "40,13": "35,16", "94,7": "27,17", "60,24": "30,15", "83,21": "30,15", "48,21": "30,15", "47,10": "26,16", "42,18": "26,16", "89,18": "26,16", "28,26": "30,15", "84,22": "30,15", "30,4": "29,17", "49,18": "29,17", "64,15": "26,16", "82,18": "27,17", "23,26": "30,15", "44,22": "30,15", "12,25": "30,15", "75,21": "30,15", "96,24": "30,15", "101,19": "30,15", "5,20": "27,17", "19,25": "26,17", "39,12": "26,17", "86,9": "27,17", "31,20": "30,15", "56,24": "30,15", "107,23": "30,15", "59,15": "34,16", "67,7": "29,17", "100,20": "27,17", "102,7": "29,17", "74,18": "30,15", "2,23": "30,15", "36,23": "30,15", "79,22": "30,15", "1,11": "29,17", "4,19": "34,17", "9,23": "26,17", "35,11": "29,17", "72,2": "27,17", "99,15": "26,17", "15,26": "30,15", "30,19": "30,15", "72,22": "30,15", "10,20": "27,16", "4,17": "26,17", "94,21": "29,17", "38,25": "30,15", "77,24": "30,15", "13,12": "26,17", "54,21": "29,16", "7,25": "30,15", "33,25": "30,15", "105,26": "30,15", "14,11": "35,17", "47,2": "36,17", "53,22": "29,17", "86,7": "27,17", "95,18": "30,15", "0,26": "30,15", "11,19": "30,15", "34,26": "30,15", "98,22": "30,15", "102,25": "30,15", "17,23": "26,17", "50,10": "27,17", "58,22": "29,17", "93,2": "26,17", "55,18": "30,15", "93,22": "30,15", "109,25": "30,15", "5,24": "27,17", "19,21": "26,17", "23,8": "29,17", "39,16": "26,17", "47,8": "26,17", "56,20": "29,17", "73,0": "26,17", "31,24": "30,15", "66,5": "29,17", "96,20": "29,16", "93,8": "26,17", "12,21": "30,15", "75,25": "30,15", "1,15": "29,16", "18,18": "27,17", "57,19": "29,16", "72,6": "35,16", "99,11": "26,17", "15,22": "30,15", "72,26": "30,15", "91,23": "30,15", "13,18": "26,17", "67,3": "29,17", "97,19": "26,17", "100,24": "27,17", "51,23": "30,15", "79,26": "30,15", "13,16": "26,17", "97,17": "26,17", "108,18": "30,15", "7,21": "30,15", "33,21": "30,15", "54,25": "30,15", "105,22": "30,15", "10,24": "27,17", "18,16": "27,16", "16,8": "29,17", "103,18": "30,15", "38,21": "30,15", "77,20": "30,15", "94,25": "30,15", "3,10": "29,16", "6,18": "29,16", "36,3": "29,16", "37,10": "29,16", "50,14": "27,17", "52,3": "24,26", "78,11": "27,17", "93,6": "26,17", "32,18": "30,15", "58,26": "30,15", "70,23": "30,15", "93,26": "30,15", "109,21": "30,15", "8,10": "29,16", "14,15": "27,17", "39,18": "26,17", "47,6": "36,16", "86,3": "27,17", "90,14": "29,17", "0,22": "30,15", "34,22": "30,15", "53,26": "30,15", "76,19": "30,15", "98,26": "30,15", "102,21": "30,15", "42,12": "25,26", "81,20": "26,17", "62,25": "30,15", "49,12": "26,17", "60,6": "35,17", "69,3": "28,17", "82,12": "27,17", "105,6": "29,16", "26,24": "30,15", "41,20": "30,15", "69,25": "30,15", "49,8": "26,16", "81,8": "26,16", "85,11": "26,17", "46,23": "30,15", "80,19": "30,15", "40,19": "27,17", "45,11": "29,17", "65,26": "30,15", "86,23": "30,15", "27,13": "29,16", "38,3": "29,16", "40,17": "27,17", "48,25": "26,17", "94,3": "27,17", "60,20": "30,15", "83,25": "30,15", "40,3": "37,16", "43,25": "27,17", "49,6": "29,16", "24,21": "30,15", "88,25": "30,15", "39,5": "26,17", "60,8": "27,17", "64,11": "26,17", "87,14": "29,17", "23,22": "30,15", "44,26": "30,15", "61,19": "30,15", "18,8": "29,17", "48,0": "27,17", "25,18": "30,15", "28,22": "30,15", "67,23": "30,15", "84,26": "30,15", "28,7": "34,16", "41,13": "29,16", "49,21": "28,16", "84,7": "27,17", "82,21": "27,17", "61,24": "30,15", "42,21": "26,17", "50,7": "29,17", "59,2": "27,17", "62,16": "26,17", "81,13": "26,17", "89,21": "26,17", "25,25": "30,15", "48,18": "35,17", "65,15": "27,16", "79,9": "26,17", "86,10": "27,17", "85,1": "26,17", "83,18": "30,15", "22,26": "30,15", "45,22": "30,15", "46,10": "28,16", "43,18": "27,16", "51,1": "28,16", "58,4": "26,16", "65,9": "27,17", "100,9": "27,17", "88,18": "30,15", "29,26": "30,15", "85,22": "30,15", "63,21": "35,16", "65,7": "29,17", "100,7": "35,17", "80,24": "30,15", "40,24": "27,17", "48,16": "27,17", "60,13": "27,16", "27,20": "30,15", "68,21": "30,15", "20,23": "27,17", "50,9": "27,17", "62,18": "26,17", "108,4": "29,16", "44,15": "26,16", "71,4": "26,17", "84,9": "27,17", "69,18": "30,15", "26,19": "30,15", "64,22": "30,15", "13,9": "26,17", "55,21": "29,16", "77,9": "26,17", "6,25": "30,15", "32,25": "30,15", "104,26": "30,15", "5,17": "27,17", "32,4": "29,17", "39,25": "26,17", "95,21": "29,17", "11,20": "30,15", "76,24": "30,15", "26,7": "29,16", "59,22": "29,17", "100,17": "27,17", "54,18": "30,15", "16,23": "30,15", "92,22": "30,15", "108,25": "30,15", "10,19": "28,17", "52,22": "29,17", "99,22": "26,17", "94,18": "30,15", "1,26": "30,15", "35,26": "30,15", "103,25": "30,15", "4,20": "26,17", "18,25": "27,17", "63,4": "35,16", "77,13": "26,17", "106,4": "28,16", "30,20": "30,15", "57,24": "30,15", "106,23": "30,15", "100,19": "27,17", "13,25": "30,15", "74,21": "30,15", "97,24": "30,15", "0,11": "29,17", "5,19": "35,17", "34,11": "29,17", "62,2": "29,16", "98,15": "27,16", "8,23": "30,15", "14,26": "30,15", "31,19": "30,15", "73,22": "30,15", "13,7": "36,16", "58,15": "28,16", "75,18": "30,15", "3,23": "30,15", "37,23": "30,15", "78,22": "30,15", "101,20": "30,15", "19,16": "26,16", "39,21": "26,17", "62,8": "26,17", "102,18": "30,15", "11,24": "30,15", "76,20": "30,15", "95,25": "30,15", "109,18": "30,15", "6,21": "30,15", "32,21": "30,15", "55,25": "30,15", "104,22": "30,15", "9,10": "29,16", "91,14": "29,17", "99,26": "26,17", "38,18": "30,15", "1,22": "30,15", "35,22": "30,15", "52,26": "30,15", "77,19": "30,15", "103,21": "30,15", "2,10": "29,16", "7,18": "29,16", "36,10": "29,16", "83,6": "26,16", "79,11": "26,17", "100,13": "27,17", "33,18": "30,15", "59,26": "30,15", "71,23": "30,15", "92,26": "30,15", "108,21": "30,15", "83,8": "26,17", "97,20": "34,16", "13,21": "30,15", "74,25": "30,15", "4,24": "26,17", "18,21": "27,17", "57,20": "29,17", "94,12": "27,16", "30,24": "30,15", "58,11": "25,27", "93,11": "26,17", "12,18": "30,15", "50,23": "30,15", "78,26": "30,15", "96,19": "30,15", "101,24": "30,15", "0,15": "29,16", "19,18": "26,17", "56,19": "29,16", "62,6": "26,17", "90,23": "27,17", "107,6": "29,16", "14,22": "30,15", "73,26": "30,15", "34,3": "29,16", "42,25": "26,17", "50,3": "26,16", "59,6": "34,17", "81,17": "26,17", "89,25": "26,17", "25,21": "30,15", "26,13": "29,16", "28,3": "36,16", "49,25": "27,17", "82,25": "27,17", "61,20": "30,15", "51,5": "27,16", "58,0": "26,17", "24,18": "30,15", "29,22": "30,15", "66,23": "30,15", "85,26": "30,15", "14,8": "35,17", "29,5": "27,17", "65,11": "27,17", "86,14": "35,17", "85,5": "26,17", "22,22": "30,15", "45,26": "30,15", "60,19": "30,15", "40,20": "27,17", "70,6": "29,16", "83,12": "26,17", "27,24": "30,15", "68,25": "30,15", "43,12": "26,26", "65,3": "29,17", "109,6": "29,16", "63,25": "30,15", "80,20": "30,15", "21,8": "29,17", "44,11": "29,17", "71,0": "26,17", "41,19": "30,15", "64,26": "30,15", "87,23": "30,15", "59,8": "26,17", "64,5": "29,17", "81,19": "26,17", "84,11": "27,17", "47,23": "30,15", "9,18": "29,16", "4,22": "26,17", "38,10": "29,16", "63,6": "27,17", "77,11": "26,17", "94,14": "28,17", "106,6": "29,16", "30,22": "30,15", "57,26": "30,15", "72,19": "30,15", "106,21": "30,15", "7,10": "29,16", "33,10": "28,16", "36,18": "30,15", "2,18": "30,15", "74,23": "30,15", "79,19": "30,15", "97,26": "30,15", "53,17": "28,16", "90,25": "27,17", "98,17": "27,17", "107,18": "30,15", "8,21": "30,15", "14,24": "30,15", "73,20": "30,15", "17,16": "26,16", "82,8": "27,16", "3,21": "30,15", "37,21": "30,15", "50,25": "30,15", "78,20": "30,15", "101,22": "30,15", "12,10": "29,16", "17,18": "26,17", "58,19": "28,16", "55,23": "30,15", "93,19": "30,15", "104,24": "30,15", "5,15": "27,16", "53,19": "29,16", "98,19": "27,17", "11,22": "30,15", "76,26": "30,15", "95,23": "30,15", "2,16": "29,17", "92,20": "29,16", "100,15": "27,17", "16,21": "30,15", "71,25": "30,15", "59,20": "30,15", "52,20": "29,17", "63,8": "27,17", "99,20": "26,17", "1,24": "30,15", "35,24": "30,15", "43,14": "28,17", "58,8": "25,27", "65,5": "29,17", "88,14": "29,17", "21,18": "30,15", "63,23": "30,15", "80,26": "30,15", "20,8": "29,17", "40,26": "27,17", "83,14": "26,16", "27,22": "30,15", "68,23": "30,15", "65,19": "30,15", "20,21": "27,17", "28,13": "29,16", "64,3": "29,17", "108,6": "29,16", "47,25": "30,15", "44,17": "26,17", "71,6": "34,16", "64,20": "30,15", "87,25": "30,15", "28,5": "26,17", "15,8": "29,17", "41,11": "29,17", "44,19": "26,16", "49,23": "27,16", "82,23": "27,17", "61,26": "30,15", "42,23": "26,17", "50,5": "26,16", "59,0": "27,17", "62,14": "26,17", "81,11": "26,17", "89,23": "26,17", "84,19": "30,15", "29,3": "35,16", "86,12": "27,17", "85,3": "26,17", "22,24": "30,15", "45,20": "30,15", "35,3": "29,16", "51,3": "27,16", "58,6": "28,17", "85,20": "26,16", "29,24": "30,15", "66,25": "30,15", "40,22": "27,17", "48,10": "27,16", "60,15": "35,16", "83,10": "26,17", "85,9": "26,17", "86,18": "27,17", "27,26": "30,15", "24,14": "28,17", "43,10": "29,16", "46,18": "26,27", "99,9": "26,17", "109,4": "29,16", "80,22": "30,15", "71,2": "26,17", "64,24": "30,15", "87,21": "30,15", "20,25": "27,17", "64,7": "28,17", "84,13": "27,17", "101,7": "29,17", "47,21": "30,15", "50,1": "29,16", "59,4": "27,16", "64,9": "26,17", "81,15": "26,17", "67,18": "30,15", "25,23": "30,15", "28,19": "30,15", "61,22": "29,17", "78,9": "27,17", "23,19": "30,15", "51,7": "28,17", "58,2": "26,17", "46,16": "25,27", "99,7": "34,17", "29,20": "30,15", "66,21": "30,15", "85,24": "30,15", "29,7": "35,16", "65,13": "27,17", "85,7": "26,17", "86,16": "27,17", "22,20": "30,15", "45,24": "30,15", "51,18": "29,17", "76,7": "28,17", "13,23": "30,15", "97,22": "30,15", "10,11": "29,17", "4,26": "26,17", "18,23": "27,17", "57,22": "29,17", "63,2": "29,16", "94,10": "27,17", "91,18": "30,15", "15,19": "30,15", "30,26": "30,15", "106,25": "30,15", "50,21": "29,16", "58,13": "25,27", "93,13": "29,16", "3,25": "30,15", "37,25": "30,15", "78,24": "30,15", "101,26": "30,15", "14,20": "27,16", "62,4": "36,16", "90,21": "27,17", "107,4": "29,16", "8,25": "30,15", "73,24": "30,15", "5,11": "29,17", "39,23": "26,17", "0,19": "30,15", "11,26": "30,15", "34,19": "30,15", "76,22": "30,15", "27,7": "29,16", "70,18": "30,15", "6,23": "30,15", "32,23": "30,15", "104,20": "30,15", "33,4": "29,17", "99,24": "26,17", "1,20": "30,15", "35,20": "30,15", "52,24": "30,15", "103,23": "30,15", "79,13": "26,17", "100,11": "27,17", "16,25": "30,15", "59,24": "30,15", "71,21": "30,15", "92,24": "30,15", "105,19": "30,15", "108,23": "30,15", "74,6": "29,16", "85,12": "26,17", "21,24": "30,15", "46,20": "30,15", "61,3": "29,17", "68,6": "29,16", "86,20": "27,16", "65,25": "30,15", "25,8": "29,17", "42,11": "29,17", "81,23": "26,17", "47,19": "30,15", "62,26": "30,15", "39,8": "34,16", "49,11": "26,17", "60,5": "37,16", "61,14": "25,27", "82,11": "27,17", "41,23": "30,15", "69,26": "30,15", "87,19": "30,15", "30,3": "29,16", "39,6": "26,17", "64,12": "26,17", "23,21": "30,15", "44,25": "30,15", "47,17": "34,16", "28,21": "30,15", "67,20": "30,15", "84,25": "30,15", "40,14": "35,17", "48,26": "26,17", "94,0": "27,17", "22,18": "30,15", "60,23": "30,15", "83,26": "30,15", "43,26": "27,17", "80,14": "27,16", "29,18": "30,15", "24,22": "30,15", "66,19": "30,15", "88,26": "30,15", "9,24": "26,17", "1,16": "29,17", "72,5": "27,17", "91,20": "28,16", "99,12": "26,17", "15,21": "30,15", "72,25": "30,15", "37,8": "28,16", "51,20": "28,17", "53,8": "26,26", "2,24": "30,15", "36,24": "30,15", "79,25": "30,15", "11,10": "29,16", "14,18": "27,17", "19,22": "26,17", "39,15": "26,17", "90,19": "27,17", "56,23": "30,15", "107,24": "30,15", "66,6": "29,16", "103,6": "29,16", "12,22": "30,15", "50,19": "30,15", "75,26": "30,15", "96,23": "30,15", "17,24": "26,17", "50,17": "29,16", "78,12": "27,17", "93,5": "26,17", "104,18": "30,15", "58,25": "30,15", "70,20": "30,15", "93,25": "30,15", "109,22": "30,15", "14,16": "27,17", "86,0": "27,17", "0,21": "30,15", "34,21": "30,15", "53,25": "30,15", "98,25": "30,15", "102,22": "30,15", "13,15": "26,17", "7,22": "30,15", "33,22": "30,15", "54,26": "30,15", "71,19": "30,15", "105,21": "30,15", "4,10": "29,16", "35,18": "30,15", "1,18": "30,15", "38,22": "30,15", "77,23": "30,15", "94,26": "30,15", "59,16": "34,17", "67,4": "28,16", "100,23": "27,17", "2,20": "30,15", "36,20": "30,15", "51,24": "30,15", "79,21": "30,15", "9,20": "26,16", "72,1": "27,17", "99,16": "26,17", "15,25": "30,15", "72,21": "30,15", "91,24": "30,15", "106,19": "30,15", "6,11": "29,17", "66,2": "29,16", "78,18": "30,15", "3,19": "30,15", "12,26": "30,15", "37,19": "30,15", "75,22": "30,15", "8,19": "29,17", "5,23": "27,17", "19,26": "26,17", "17,7": "29,16", "39,11": "34,17", "73,7": "29,17", "73,18": "30,15", "31,23": "30,15", "107,20": "30,15", "14,12": "27,17", "47,1": "34,16", "53,21": "29,16", "86,4": "27,17", "98,21": "37,17", "90,13": "29,16", "0,25": "30,15", "34,25": "30,15", "102,26": "30,15", "17,20": "26,17", "36,4": "29,17", "50,13": "27,17", "58,21": "29,16", "93,21": "29,17", "93,1": "26,17", "70,24": "30,15", "109,26": "30,15", "10,23": "27,17", "22,7": "29,16", "52,18": "29,17", "99,18": "26,17", "38,26": "30,15", "94,22": "30,15", "13,11": "34,17", "54,22": "29,17", "92,18": "30,15", "59,18": "30,15", "7,26": "30,15", "16,19": "30,15", "33,26": "30,15", "105,25": "30,15", "45,16": "27,17", "61,7": "25,27", "68,2": "29,16", "104,7": "29,17", "65,21": "30,15", "86,24": "30,15", "19,7": "29,16", "74,2": "27,16", "85,16": "26,17", "21,20": "30,15", "46,24": "30,15", "49,15": "26,17", "82,15": "27,17", "64,18": "30,15", "26,23": "30,15", "69,22": "30,15", "20,19": "27,17", "48,9": "27,17", "62,22": "34,17", "80,9": "27,17", "20,17": "27,17", "48,7": "35,17", "28,25": "30,15", "67,24": "30,15", "84,21": "30,15", "87,13": "29,16", "23,25": "30,15", "44,21": "30,15", "40,4": "35,17", "43,22": "27,17", "49,1": "29,16", "63,15": "27,17", "80,10": "27,17", "85,18": "26,17", "24,26": "30,15", "88,22": "30,15", "27,14": "29,17", "38,4": "29,17", "40,10": "35,16", "45,18": "27,17", "61,9": "26,27", "94,4": "27,17", "83,22": "30,15", "48,22": "30,15", "3,11": "29,17", "6,19": "29,17", "17,26": "26,17", "37,11": "29,17", "50,15": "27,17", "78,10": "27,17", "93,7": "26,17", "32,19": "30,15", "70,22": "30,15", "109,20": "30,15", "8,11": "29,17", "14,14": "27,17", "23,7": "29,16", "39,19": "26,17", "47,7": "34,17", "86,2": "27,17", "76,18": "30,15", "0,23": "30,15", "34,23": "30,15", "102,20": "30,15", "13,17": "26,17", "37,4": "29,17", "97,16": "26,17", "7,20": "30,15", "33,20": "30,15", "54,24": "30,15", "105,23": "30,15", "108,19": "30,15", "10,25": "27,17", "18,17": "27,17", "38,20": "30,15", "77,21": "30,15", "94,24": "30,15", "103,19": "30,15", "9,26": "26,17", "18,19": "27,17", "16,7": "29,16", "72,7": "35,17", "99,10": "26,17", "57,18": "30,15", "15,23": "30,15", "91,22": "30,15", "13,19": "26,17", "51,22": "29,17", "67,2": "29,16", "97,18": "26,17", "100,25": "27,17", "2,26": "30,15", "36,26": "30,15", "5,25": "27,17", "19,20": "26,17", "39,17": "26,17", "47,9": "26,17", "56,21": "29,16", "73,1": "26,17", "31,25": "30,15", "107,26": "30,15", "66,4": "29,16", "96,21": "29,17", "93,9": "26,17", "12,20": "30,15", "75,24": "30,15", "39,4": "34,17", "60,9": "27,16", "64,10": "26,17", "61,18": "30,15", "23,23": "30,15", "47,15": "26,16", "48,1": "35,16", "25,19": "30,15", "28,23": "30,15", "67,22": "30,15", "40,16": "27,17", "48,24": "26,17", "60,21": "29,16", "94,2": "27,17", "83,24": "30,15", "43,24": "27,17", "49,7": "29,17", "63,13": "27,16", "24,20": "30,15", "88,24": "30,15", "29,14": "28,17", "49,9": "26,17", "81,9": "26,17", "85,10": "26,17", "80,18": "30,15", "21,26": "30,15", "46,22": "30,15", "40,18": "27,17", "45,10": "29,16", "86,22": "30,15", "18,7": "29,16", "42,13": "29,16", "81,21": "26,17", "89,13": "29,16", "62,24": "30,15", "49,13": "26,17", "60,7": "27,17", "61,16": "26,27", "69,2": "28,16", "82,13": "27,17", "105,7": "29,17", "26,25": "30,15", "41,21": "30,15", "69,24": "30,15", "42,19": "26,17", "89,19": "26,17", "67,26": "30,15", "84,23": "30,15", "64,14": "26,17", "82,19": "27,17", "44,23": "30,15", "49,19": "30,15", "40,6": "27,17", "43,20": "27,17", "63,17": "27,17", "80,12": "27,17", "24,24": "30,15", "88,20": "30,15", "31,3": "29,16", "40,12": "27,17", "94,6": "27,17", "48,20": "30,15", "60,25": "30,15", "83,20": "30,15", "38,8": "29,16", "61,5": "24,27", "94,8": "27,17", "27,18": "30,15", "65,23": "30,15", "68,19": "30,15", "86,26": "30,15", "24,8": "29,17", "40,8": "35,16", "63,19": "27,17", "74,0": "27,17", "85,14": "34,17", "21,22": "30,15", "46,26": "30,15", "49,17": "29,16", "60,3": "28,17", "69,6": "29,16", "82,17": "27,17", "26,21": "30,15", "41,25": "30,15", "69,20": "30,15", "25,13": "29,16", "62,20": "26,17", "75,6": "29,16", "81,25": "26,17", "14,10": "35,16", "86,6": "27,17", "11,18": "30,15", "53,23": "30,15", "98,23": "30,15", "95,19": "30,15", "102,24": "30,15", "3,15": "28,16", "17,22": "26,17", "50,11": "27,17", "55,19": "29,16", "78,14": "27,16", "93,3": "26,17", "58,23": "30,15", "70,26": "30,15", "93,23": "30,15", "109,24": "30,15", "4,16": "26,17", "10,21": "27,17", "94,20": "29,16", "38,24": "30,15", "77,25": "30,15", "13,13": "26,17", "54,20": "29,17", "7,24": "30,15", "33,24": "30,15", "59,14": "26,17", "67,6": "29,16", "92,14": "29,17", "100,21": "27,17", "102,6": "29,16", "2,22": "30,15", "36,22": "30,15", "51,26": "30,15", "74,19": "30,15", "79,23": "30,15", "1,10": "29,16", "4,18": "34,16", "9,22": "26,17", "35,10": "29,16", "72,3": "27,17", "99,14": "26,17", "30,18": "30,15", "72,23": "30,15", "91,26": "30,15", "52,8": "25,26", "101,18": "30,15", "12,24": "30,15", "75,20": "30,15", "96,25": "30,15", "5,21": "27,17", "19,24": "26,17", "39,13": "34,16", "86,8": "27,17", "31,21": "30,15", "56,25": "30,15", "107,22": "30,15", "50,22": "29,17", "58,10": "25,27", "93,10": "26,17", "96,18": "30,15", "3,26": "30,15", "12,19": "30,15", "37,26": "30,15", "101,25": "30,15", "19,19": "26,17", "62,7": "26,17", "90,22": "27,17", "107,7": "29,17", "56,18": "30,15", "8,26": "30,15", "14,23": "30,15", "13,20": "26,16", "83,9": "26,17", "97,21": "34,17", "74,24": "30,15", "4,25": "26,17", "18,20": "27,17", "57,21": "29,16", "94,13": "28,16", "30,25": "30,15", "106,26": "30,15", "9,11": "29,17", "57,7": "25,26", "77,18": "30,15", "1,23": "30,15", "35,23": "30,15", "38,19": "30,15", "103,20": "30,15", "2,11": "29,17", "7,19": "29,17", "36,11": "29,17", "83,7": "26,17", "79,10": "26,17", "100,12": "27,17", "16,26": "30,15", "33,19": "30,15", "71,22": "30,15", "108,20": "30,15", "19,17": "26,17", "39,20": "26,17", "62,9": "26,16", "11,25": "30,15", "76,21": "30,15", "95,24": "30,15", "102,19": "30,15", "6,20": "30,15", "32,20": "30,15", "55,24": "30,15", "104,23": "30,15", "109,19": "30,15", "44,10": "29,16", "71,1": "26,17", "41,18": "30,15", "87,22": "30,15", "20,26": "27,17", "28,14": "29,17", "59,9": "26,16", "64,4": "29,16", "81,18": "26,17", "84,10": "27,17", "47,22": "30,15", "14,7": "35,16", "40,21": "27,17", "60,16": "37,17", "70,7": "29,17", "83,13": "26,17", "27,25": "30,15", "68,24": "30,15", "43,13": "28,16", "65,2": "29,16", "88,13": "29,16", "109,7": "29,17", "63,24": "30,15", "80,21": "30,15", "35,4": "29,17", "51,4": "27,17", "58,1": "26,17", "46,15": "24,27", "24,19": "30,15", "29,23": "30,15", "66,22": "30,15", "14,9": "27,17", "29,4": "35,17", "65,10": "27,17", "85,4": "26,17", "86,15": "27,17", "60,18": "30,15", "22,23": "30,15", "42,24": "26,17", "50,2": "29,17", "62,13": "26,16", "59,7": "26,17", "81,16": "26,17", "89,24": "26,17", "25,20": "30,15", "21,7": "29,16", "49,24": "27,17", "61,21": "29,16", "82,24": "27,17", "20,22": "27,17", "50,8": "27,16", "62,19": "26,17", "84,14": "27,16", "108,5": "29,17", "47,26": "30,15", "28,8": "34,17", "71,5": "26,17", "84,8": "27,17", "26,18": "30,15", "64,23": "30,15", "69,19": "30,15", "87,26": "30,15", "24,13": "28,16", "63,20": "27,17", "65,6": "29,16", "100,6": "35,16", "80,25": "30,15", "40,25": "27,17", "48,17": "35,16", "27,21": "30,15", "68,20": "30,15", "65,14": "27,17", "79,8": "26,16", "86,11": "27,17", "85,0": "26,17", "45,23": "30,15", "48,19": "30,15", "83,19": "30,15", "46,11": "28,17", "43,19": "27,17", "58,5": "28,16", "51,0": "26,26", "65,8": "27,16", "100,8": "27,17", "66,26": "30,15", "85,23": "30,15", "88,19": "30,15", "28,6": "26,17", "41,12": "24,26", "84,6": "27,16", "82,20": "27,17", "49,20": "30,15", "61,25": "30,15", "42,20": "26,17", "50,6": "29,16", "59,3": "27,17", "62,17": "26,17", "81,12": "26,17", "89,20": "26,17", "25,24": "30,15", "0,10": "29,16", "5,18": "35,16", "34,10": "29,16", "62,3": "29,17", "90,26": "27,17", "31,18": "30,15", "8,22": "30,15", "73,23": "30,15", "58,14": "26,27", "93,14": "29,17", "3,22": "30,15", "37,22": "30,15", "50,26": "30,15", "78,23": "30,15", "75,19": "30,15", "101,21": "30,15", "4,21": "26,17", "18,24": "27,17", "63,5": "35,17", "77,12": "26,17", "106,5": "28,17", "30,21": "30,15", "57,25": "30,15", "106,22": "30,15", "26,8": "29,17", "100,18": "27,17", "13,24": "30,15", "74,20": "30,15", "97,25": "30,15", "2,15": "29,16", "54,19": "29,16", "79,14": "26,16", "100,16": "27,17", "16,22": "30,15", "59,23": "30,15", "71,26": "30,15", "92,23": "30,15", "108,24": "30,15", "10,18": "28,16", "33,3": "29,16", "99,23": "26,17", "52,23": "30,15", "94,19": "30,15", "103,24": "30,15", "13,8": "34,17", "55,20": "29,17", "77,8": "26,16", "6,24": "30,15", "32,24": "30,15", "5,16": "27,17", "39,24": "26,17", "95,20": "29,16", "11,21": "30,15", "76,25": "30,15", "51,6": "28,16", "58,3": "26,17", "46,17": "25,27", "99,6": "36,16", "29,21": "30,15", "66,20": "30,15", "85,25": "30,15", "29,6": "27,17", "65,12": "27,17", "85,6": "26,17", "86,17": "27,17", "22,21": "30,15", "45,25": "30,15", "42,26": "26,17", "59,5": "34,16", "50,0": "25,26", "64,8": "26,16", "81,14": "26,17", "89,26": "26,17", "28,18": "30,15", "25,22": "30,15", "67,19": "30,15", "41,14": "29,17", "49,26": "27,17", "78,8": "27,16", "82,26": "27,17", "23,18": "30,15", "61,23": "30,15", "71,3": "26,17", "64,25": "30,15", "87,20": "30,15", "20,24": "27,17", "64,6": "28,16", "84,12": "27,17", "101,6": "29,16", "47,20": "30,15", "29,8": "37,17", "40,23": "27,17", "60,14": "27,17", "83,11": "26,17", "85,8": "26,17", "86,19": "27,17", "68,26": "30,15", "43,11": "29,17", "51,8": "24,26", "99,8": "26,17", "109,5": "29,17", "46,19": "30,15", "63,26": "30,15", "80,23": "30,15", "99,25": "26,17", "1,21": "30,15", "35,21": "30,15", "52,25": "30,15", "103,22": "30,15", "51,17": "29,16", "79,12": "26,17", "100,10": "27,17", "105,18": "30,15", "16,24": "30,15", "59,25": "30,15", "71,20": "30,15", "92,25": "30,15", "108,22": "30,15", "5,10": "29,16", "32,3": "29,16", "39,22": "26,17", "34,18": "30,15", "0,18": "30,15", "76,23": "30,15", "95,26": "30,15", "6,22": "30,15", "32,22": "30,15", "55,26": "30,15", "70,19": "30,15", "104,21": "30,15", "27,8": "29,17", "58,12": "25,27", "93,12": "26,16", "3,24": "30,15", "37,24": "30,15", "50,20": "30,15", "78,25": "30,15", "0,16": "29,17", "62,5": "34,17", "90,20": "27,17", "107,5": "29,17", "8,24": "30,15", "14,21": "30,15", "73,25": "30,15", "51,19": "28,16", "76,6": "28,16", "13,22": "30,15", "74,26": "30,15", "97,23": "30,15", "10,10": "29,16", "18,22": "27,17", "63,3": "29,17", "77,14": "26,16", "94,11": "27,17", "15,18": "30,15", "57,23": "30,15", "91,19": "30,15", "106,24": "30,15", "59,21": "29,16", "92,21": "29,17", "100,14": "27,17", "16,20": "30,15", "71,24": "30,15", "108,26": "30,15", "52,21": "29,16", "63,9": "27,16", "91,13": "29,16", "99,21": "26,17", "1,25": "30,15", "35,25": "30,15", "103,26": "30,15", "12,11": "29,17", "17,19": "26,17", "55,22": "29,17", "93,18": "30,15", "58,18": "30,15", "6,26": "30,15", "32,26": "30,15", "104,25": "30,15", "39,26": "26,17", "53,18": "28,17", "56,7": "24,26", "98,18": "27,17", "11,23": "30,15", "95,22": "30,15", "90,24": "27,17", "98,16": "27,17", "8,20": "30,15", "14,25": "30,15", "73,21": "30,15", "107,19": "30,15", "17,17": "26,17", "58,16": "28,17", "82,9": "27,17", "3,20": "30,15", "37,20": "30,15", "50,24": "30,15", "78,21": "30,15", "101,23": "30,15", "9,19": "29,17", "4,23": "26,17", "18,26": "27,17", "38,11": "29,17", "63,7": "27,17", "77,10": "26,17", "106,7": "29,17", "72,18": "30,15", "30,23": "30,15", "106,20": "30,15", "7,11": "29,17", "33,11": "28,17", "79,18": "30,15", "2,19": "30,15", "13,26": "30,15", "36,19": "30,15", "74,22": "30,15", "20,7": "29,16", "86,13": "35,16", "85,2": "26,17", "22,25": "30,15", "45,21": "30,15", "51,2": "28,17", "58,7": "21,26", "29,25": "30,15", "66,24": "30,15", "85,21": "30,15", "26,14": "29,17", "28,4": "34,17", "41,10": "29,16", "44,18": "26,17", "49,22": "28,17", "82,22": "27,17", "34,4": "29,17", "42,22": "26,17", "50,4": "26,17", "59,1": "27,17", "62,15": "26,17", "81,10": "26,17", "89,22": "26,17", "84,18": "30,15", "25,26": "30,15", "20,20": "27,17", "64,2": "29,16", "108,7": "29,17", "47,24": "30,15", "15,7": "29,16", "44,16": "26,17", "71,7": "34,17", "64,21": "30,15", "87,24": "30,15", "63,22": "37,17", "58,9": "25,27", "65,4": "29,16", "21,19": "30,15", "48,15": "27,16", "65,18": "30,15", "27,23": "30,15", "68,22": "30,15" }, "SNOW": 0.000000 } }